시군명,업체명,대표자,벤처확인유형,업종분류,업종명,주생산품,유효시작일,유효종료일,확인기관,데이터기준일자
경기도 성남시,주식회사 루켄,이**,연구개발유형,정보처리S/W,컴퓨터시스템 통합 자문 및 구축 서비스업,"인공지능기술개발업, 모바일어플리케이션개발 및 통합관리업 , 소프트웨어개발 및 공급업",2023-05-17,2026-05-16,신규,2026-02-28
경기도 성남시,아이티코어스,"김**,박**",연구개발유형,정보처리S/W,컴퓨터 프로그래밍 서비스업,응용 소프트웨어,2023-04-12,2026-04-11,신규,2026-02-28
경기도 성남시,오앤이데이타,홍**,혁신성장유형,정보처리S/W,컴퓨터시스템 통합 자문 및 구축 서비스업,AI) 개인맞춤형 수학교육서비스 ,2023-04-05,2026-04-04,재확인,2026-02-28
경기도 성남시,데일리푸드앤메드,박**,혁신성장유형,연구개발서비스,농림수산학 및 수의학 연구개발업,스크리닝 앱,2023-03-29,2026-03-28,신규,2026-02-28
경기도 성남시,주식회사 칼만텍,최**,혁신성장유형,제조업,산업용 로봇 제조업,볼 휠 기반 전 방향 이동 로봇 플랫폼 및 자율주행 솔루션,2023-06-21,2026-06-20,신규,2026-02-28
경기도 성남시,주식회사 올에이아이,김**,혁신성장유형,정보처리S/W,시스템 소프트웨어 개발 및 공급업,Board,2023-03-22,2026-03-21,신규,2026-02-28
경기도 성남시,㈜기림엔지니어링,이**,혁신성장유형,제조업,가정용 및 산업용 공기 조화장치 제조업,주방환풍기시스템,2023-07-20,2026-07-19,재확인,2026-02-28
경기도 성남시,주식회사 엑스엘에이트에이아이,정**,벤처투자유형,정보처리S/W,시스템 소프트웨어 개발 및 공급업,인공지능 번역 엔진,2023-04-05,2026-04-04,신규,2026-02-28
경기도 성남시,㈜오르비스,소**,혁신성장유형,제조업,배전반 및 전기 자동제어반 제조업,고압전동기 원격절연저항 측정시스템 외,2023-03-22,2026-03-21,재확인,2026-02-28
경기도 성남시,머플 주식회사,A**,연구개발유형,정보처리S/W,컴퓨터 프로그래밍 서비스업,AI 기반 게임 제작 툴 ,2023-04-26,2026-04-25,신규,2026-02-28
경기도 성남시,주식회사 가온소프트랩,서**,연구개발유형,정보처리S/W,응용 소프트웨어 개발 및 공급업,"KEMP(KaonsoftLab Enterprise Mobility Platform), PUSH Solution, Si사업",2023-04-12,2026-04-11,신규,2026-02-28
경기도 성남시,주식회사 컴패니언즈,한**,혁신성장유형,정보처리S/W,응용 소프트웨어 개발 및 공급업,반려동물 전용 콘텐츠 수집 및 관리 솔루션,2023-03-29,2026-03-28,신규,2026-02-28
경기도 성남시,주식회사 에스에이치켐,이**,혁신성장유형,제조업,석유화학계 기초 화학물질 제조업,화공약품,2023-05-17,2026-05-16,재확인,2026-02-28
경기도 성남시,(주)지란지교테크,길**,연구개발유형,정보처리S/W,응용 소프트웨어 개발 및 공급업,"우리학교서재, 우리학교인쇄, 오피스콜, 오피스밋, 오피스TV, 오피스채널, 오피스스카웃",2023-03-29,2026-03-28,재확인,2026-02-28
경기도 성남시,주식회사 스카이런,C**,혁신성장유형,기타,환경 관련 엔지니어링 서비스업,태양광 발전소 진단 소프트웨어,2023-03-16,2026-03-15,신규,2026-02-28
경기도 성남시,주식회사 미팅,이**,혁신성장유형,도소매업,전자상거래 소매 중개업,축산물,2023-03-08,2026-03-07,재확인,2026-02-28
경기도 성남시,주식회사 토마토파킹,오**,연구개발유형,제조업,기타 전기 변환장치 제조업,"주차관제, 소프트웨어, 재난방재",2023-03-15,2026-03-14,신규,2026-02-28
경기도 성남시,주식회사 디노텍,지**,연구개발유형,제조업,컴퓨터 모니터 제조업,컴퓨터 모니터,2023-03-04,2026-03-03,재확인,2026-02-28
경기도 성남시,블라우비트,김**,혁신성장유형,연구개발서비스,전기ㆍ전자공학 연구개발업,딥러닝영상인식솔루션,2023-05-03,2026-05-02,신규,2026-02-28
경기도 성남시,㈜이엠테크,조**,혁신성장유형,제조업,그 외 기타 의료용 기기 제조업,의료기기,2023-03-11,2026-03-10,재확인,2026-02-28
경기도 성남시,주식회사 웨스트문,허**,혁신성장유형,정보처리S/W,기타 정보기술 및 컴퓨터운영 관련 서비스업,디지털 헬스케어 서비스,2023-03-08,2026-03-07,신규,2026-02-28
경기도 성남시,아키큐플러스 주식회사,조**,연구개발유형,연구개발서비스,기타 인문 및 사회과학 연구개발업,"건축공학 및 부동산 관련 국가 기술개발 사업연구보고서, 부동산 관련 플랫폼",2023-03-10,2026-03-09,재확인,2026-02-28
경기도 성남시,한국안전산업주식회사,인**,혁신성장유형,제조업,그 외 기타 분류 안된 금속 가공 제품 제조업,지하매설식 설비시스템 외,2023-03-08,2026-03-07,신규,2026-02-28
경기도 성남시,주식회사 퓨롬,이**,혁신성장유형,제조업,일반용 도료 및 관련제품 제조업,라돈차폐용코팅제,2023-03-10,2026-03-09,재확인,2026-02-28
경기도 성남시,주식회시핸디웨이브,안**,연구개발유형,제조업,기타 무선 통신장비 제조업,"무선마이크, 무선시리얼모뎀",2023-03-20,2026-03-19,재확인,2026-02-28
경기도 성남시,(주)아마로스,김**,혁신성장유형,제조업,화장품 제조업,기능성화장품,2023-03-08,2026-03-07,재확인,2026-02-28
경기도 성남시,주식회사 우림코리아,전**,연구개발유형,제조업,기타 이차전지 제조업,리튬이온배터리,2023-03-08,2026-03-07,재확인,2026-02-28
경기도 성남시,라온피플 주식회사,이**,벤처투자유형,제조업,그 외 기타 전자부품 제조업,카메라모듈검사기,2023-03-10,2026-03-09,재확인,2026-02-28
경기도 성남시,주식회사 로가,김**,혁신성장유형,제조업,건강기능식품 제조업,식물성콜라겐,2023-03-15,2026-03-14,신규,2026-02-28
경기도 성남시,(주)브이랩스,이**,혁신성장유형,정보처리S/W,포털 및 기타 인터넷 정보매개 서비스업,전자상거래 플랫폼,2023-03-08,2026-03-07,신규,2026-02-28
경기도 성남시,㈜디바인테크놀로지,이**,혁신성장유형,정보처리S/W,응용 소프트웨어 개발 및 공급업,"자율주행 시뮬레이션 툴 체인, CAE 엔지니어링 소프트웨어",2023-03-22,2026-03-21,신규,2026-02-28
경기도 성남시,주식회사 페어랩스,손**,혁신성장유형,정보처리S/W,응용 소프트웨어 개발 및 공급업,무형자산가치평가솔루션,2023-06-14,2026-06-13,재확인,2026-02-28
경기도 성남시,㈜엘라스틱랩,김**,연구개발유형,연구개발서비스,의학 및 약학 연구개발업,엘라스틱랩,2023-03-25,2026-03-24,재확인,2026-02-28
경기도 성남시,주식회사 에이아이웨어,유**,연구개발유형,제조업,그 외 기타 특수목적용 기계 제조업,딥러닝 소프트웨어 및 자동화 검사장비 제조,2023-03-12,2026-03-11,재확인,2026-02-28
경기도 성남시,주식회사 알에스큐브,박**,연구개발유형,제조업,기기용 자동측정 및 제어장치 제조업,음악분수 제어노즐장치,2023-03-30,2026-03-29,재확인,2026-02-28
경기도 성남시,밀리미터스튜디오,김**,혁신성장유형,기타,제품 디자인업,"제품 디자인, 기구 설계, 하드웨어, PCB, 펌웨어 설계, 양산 관리 등, &quot;제품 생산 전반의 솔루션&quot;을 제공하는 서비스",2023-03-15,2026-03-14,신규,2026-02-28
경기도 성남시,주식회사 아이오비,박**,혁신성장유형,제조업,기타 무선 통신장비 제조업,바이오센서,2023-03-29,2026-03-28,재확인,2026-02-28
경기도 성남시,폴리데이터랩 주식회사,이**,벤처투자유형,정보처리S/W,호스팅 및 관련 서비스업,IR Solution,2023-03-08,2026-03-07,신규,2026-02-28
경기도 성남시,주식회사 마인드로,신**,혁신성장유형,정보처리S/W,응용 소프트웨어 개발 및 공급업,"로봇 관련 교육 및 컨텐츠, 지능형 로봇 사용자 경험 설계, 로봇·AI 멀티모달 서비스 개발 및 콘텐츠 구현 외",2023-04-19,2026-04-18,신규,2026-02-28
경기도 성남시,(주)플립션코리아,정**,혁신성장유형,정보처리S/W,응용 소프트웨어 개발 및 공급업,가상 얼굴 합성을 통한 버츄얼 휴먼 제작 솔루션,2023-06-07,2026-06-06,신규,2026-02-28
경기도 성남시,스타네트웍스,오**,혁신성장유형,기타,그 외 기타 창작 및 예술관련 서비스업,구내방송장치,2023-05-31,2026-05-30,재확인,2026-02-28
경기도 성남시,비젼아이티에스 주식회사,이**,혁신성장유형,제조업,그 외 기타 전기장비 제조업,주차관제장치 ,2023-03-08,2026-03-07,신규,2026-02-28
경기도 성남시,세미브레인 주식회사,송**,연구개발유형,연구개발서비스,전기ㆍ전자공학 연구개발업,반도체 설계 IP제공,2023-04-19,2026-04-18,신규,2026-02-28
경기도 성남시,주식회사 크렌진,임**,혁신성장유형,정보처리S/W,컴퓨터 프로그래밍 서비스업,실감형 콘텐츠 ,2023-04-12,2026-04-11,재확인,2026-02-28
경기도 성남시,주식회사 어밸브,"박**,이**",혁신성장유형,기타,기타 엔지니어링 서비스업,AI 스마트팜 SW/HW 솔루션,2023-04-05,2026-04-04,재확인,2026-02-28
경기도 성남시,도시공유플랫폼 주식회사,박**,연구개발유형,정보처리S/W,시스템 소프트웨어 개발 및 공급업,AISS Go,2023-03-24,2026-03-23,재확인,2026-02-28
경기도 성남시,주식회사 블록펫,한**,벤처투자유형,정보처리S/W,응용 소프트웨어 개발 및 공급업,소프트웨어 개발 및 공급업외,2023-03-29,2026-03-28,재확인,2026-02-28
경기도 성남시,주식회사 이지시큐,정**,혁신성장유형,정보처리S/W,시스템 소프트웨어 개발 및 공급업,정보보호종합관리.위험분석평가자동화솔루션,2023-05-03,2026-05-02,재확인,2026-02-28
경기도 성남시,주식회사 지2터치,표**,벤처투자유형,제조업,기타 반도체소자 제조업,터치스크린 IC,2023-03-15,2026-03-14,재확인,2026-02-28
경기도 성남시,주식회사 노바챔프,서**,혁신성장유형,제조업,컴퓨터 제조업,"딥러닝서버 및 상수관제sw, 통합복구 및 완전 삭제기능 탑재 SSD",2023-03-04,2026-03-03,재확인,2026-02-28
경기도 성남시,주식회사 리얼디자인테크,이**,벤처투자유형,정보처리S/W,응용 소프트웨어 개발 및 공급업,얼티레이서,2023-03-15,2026-03-14,재확인,2026-02-28
경기도 성남시,에스앤즈㈜,고**,혁신성장유형,제조업,비메모리용 및 기타 전자집적회로 제조업,반도체/시스템소프트웨어,2023-04-21,2026-04-20,재확인,2026-02-28
경기도 성남시,(주) 더난,김**,연구개발유형,기타,무선 및 위성 통신업,"무선호출 송,수신기 중계기",2023-05-10,2026-05-09,재확인,2026-02-28
경기도 성남시,소프트포럼 주식회사,정**,혁신성장유형,정보처리S/W,응용 소프트웨어 개발 및 공급업,정보보안 제품 및 서비스 (Hybrid PQC 차세대 암호 | KCMVP 암호 | Zero-Trust 응용 보안 | 개인정보 및 데이터 보안 | 바이오 보안 | 모바일 보안 분야),2023-04-19,2026-04-18,신규,2026-02-28
경기도 성남시,주식회사 바능,안**,혁신성장유형,정보처리S/W,컴퓨터 프로그래밍 서비스업,소프트웨어 개발 및 앱 개발,2023-04-12,2026-04-11,신규,2026-02-28
경기도 성남시,밸류플러스테크놀러지 주식회사,육**,연구개발유형,제조업,기타 주변기기 제조업,휴대형 저장장치 광학장비,2023-03-30,2026-03-29,재확인,2026-02-28
경기도 성남시,주식회사 케이스타일허브,박**,연구개발유형,정보처리S/W,시스템 소프트웨어 개발 및 공급업,플랫폼,2023-03-04,2026-03-03,재확인,2026-02-28
경기도 성남시,"주식회사 제이알에이치(J.R.H.Co.,Inc.)",박**,혁신성장유형,기타,기타 전문 서비스업,"해외 구매대행 시스템 제공, 해외 배송대행 시스템 제공",2023-04-12,2026-04-11,신규,2026-02-28
경기도 성남시,주식회사 루바마바이오랩,장**,연구개발유형,제조업,차류 가공업,유기농 화장품 원료 ,2023-05-03,2026-05-02,재확인,2026-02-28
경기도 성남시,주식회사 한국데이터체인,유**,벤처투자유형,정보처리S/W,컴퓨터시스템 통합 자문 및 구축 서비스업,"IT 소프트웨어 개발 및 공급, IT 컨설팅",2023-03-22,2026-03-21,신규,2026-02-28
경기도 성남시,주식회사 라다하임,이**,연구개발유형,연구개발서비스,의학 및 약학 연구개발업,"의료용 물질 및 의약품 제조업(전문,과학 및 기술서비스업)",2023-05-10,2026-05-09,신규,2026-02-28
경기도 성남시,주식회사 이지셀바이오,조**,벤처투자유형,연구개발서비스,"물리, 화학 및 생물학 연구개발업",세포치료제,2023-03-08,2026-03-07,재확인,2026-02-28
경기도 성남시,주식회사 케이마인,김**,혁신성장유형,기타,"그 외 기타 분류 안된 전문, 과학 및 기술 서비스업","기타 공학, 바이오헬스 연구개발업",2023-04-26,2026-04-25,신규,2026-02-28
경기도 성남시,비젠트로 주식회사,김**,혁신성장유형,정보처리S/W,컴퓨터시스템 통합 자문 및 구축 서비스업,ERP MES Portal,2023-03-06,2026-03-05,재확인,2026-02-28
경기도 성남시,주식회사 동명기업,김**,혁신성장유형,제조업,기타 전기 변환장치 제조업,재생용 재료 수집 및 판매업,2023-04-05,2026-04-04,재확인,2026-02-28
경기도 성남시,주식회사메가라이브,한**,벤처투자유형,제조업,기타 무선 통신장비 제조업,스위쳐,2023-03-29,2026-03-28,신규,2026-02-28
경기도 성남시,자라소프트주식회사,서**,벤처투자유형,정보처리S/W,응용 소프트웨어 개발 및 공급업,"영상 개인정보 비식별화 서비스, 차량용 서라운드뷰 시스템",2023-03-29,2026-03-28,신규,2026-02-28
경기도 성남시,주식회사 그이름(Keuireum),정**,혁신성장유형,제조업,식물성 유지 제조업,프리미엄 식물성 오일,2023-04-08,2026-04-07,재확인,2026-02-28
경기도 성남시,주식회사 크레스콤,이**,벤처투자유형,정보처리S/W,그 외 기타 정보 서비스업,인공지능 의료데이터 자동분석서비스,2023-03-11,2026-03-10,재확인,2026-02-28
경기도 성남시,주식회사 올빅뎃,이**,혁신성장유형,정보처리S/W,데이터베이스 및 온라인정보 제공업,빅데이터 솔루션,2023-04-21,2026-04-20,재확인,2026-02-28
경기도 성남시,(주)콘트로하에츠,김**,연구개발유형,정보처리S/W,시스템 소프트웨어 개발 및 공급업,시스템 소프트웨어개발및 공급,2023-06-07,2026-06-06,신규,2026-02-28
경기도 성남시,에너시스㈜,소**,연구개발유형,제조업,기기용 자동측정 및 제어장치 제조업,석탄계량장치보일러드럼레벨게이지외,2023-04-12,2026-04-11,재확인,2026-02-28
경기도 성남시,주식회사 비엔비인스트루먼트,김**,혁신성장유형,제조업,반도체 제조용 기계 제조업,가스유량조절기,2023-05-03,2026-05-02,신규,2026-02-28
경기도 성남시,(주)오래온라이프사이언스,오**,혁신성장유형,도소매업,의료기기 도매업,"의료용봉합사, 조직수복용 생체재료, 병원용 화장품",2023-04-19,2026-04-18,신규,2026-02-28
경기도 성남시,(주)리드텍,김**,연구개발유형,제조업,방송장비 제조업,월컨트롤러,2023-04-26,2026-04-25,재확인,2026-02-28
경기도 성남시,주식회사 헬로우닥터,양**,벤처투자유형,도소매업,의료기기 도매업,"의료기기,의료소품",2023-04-12,2026-04-11,신규,2026-02-28
경기도 성남시,주식회사 에스코프,서**,혁신성장유형,제조업,"전자기 측정, 시험 및 분석기구 제조업","제조업, 오탁방지막, 오일펜스, 고무보트, 에어텐트, 공구류, 무역, 컴퓨터 시스템 통합 자문 및 구축 서비스업",2023-06-14,2026-06-13,신규,2026-02-28
경기도 성남시,주식회사 택티컬리스트,이**,벤처투자유형,제조업,기타 조명장치 제조업,총기 부착형 광원 / 공기총 사격장,2023-03-25,2026-03-24,재확인,2026-02-28
경기도 성남시,주식회사 코빌시스,김**,연구개발유형,제조업,기타 무선 통신장비 제조업,"차량용 텔레메틱스, 위치관제 단말기",2023-05-10,2026-05-09,신규,2026-02-28
경기도 성남시,주식회사 하이블러,강**,혁신성장유형,도소매업,전자상거래 소매 중개업,"전자제품, 육아컨텐츠",2023-06-22,2026-06-21,신규,2026-02-28
경기도 성남시,주식회사 파라밴드,권**,혁신성장유형,제조업,"체조, 육상 및 체력단련용 장비 제조업",다중근력재활운동기구,2023-05-10,2026-05-09,신규,2026-02-28
경기도 성남시,주식회사 메타캠프,송**,벤처투자유형,정보처리S/W,유선 온라인 게임 소프트웨어 개발 및 공급업,메타버스 SW 플랫폼,2023-04-26,2026-04-25,신규,2026-02-28
경기도 성남시,주식회사 신양에벤에셀,문**,혁신성장유형,제조업,구조용 금속 판제품 및 공작물 제조업,스틸그레이팅 외,2023-05-17,2026-05-16,재확인,2026-02-28
경기도 성남시,주식회사 라온비아이엠,문**,혁신성장유형,기타,건물 및 토목 엔지니어링 서비스업,BIM건설정보모델) 성과품,2023-05-10,2026-05-09,신규,2026-02-28
경기도 성남시,주식회사 모들스튜디오,구**,연구개발유형,정보처리S/W,모바일 게임 소프트웨어 개발 및 공급업,모바일 게임,2023-05-31,2026-05-30,신규,2026-02-28
경기도 성남시,예비창업자 박준언,박**,예비벤처유형,연구개발서비스,의학 및 약학 연구개발업,,2023-05-10,2026-05-09,신규,2026-02-28
경기도 성남시,주식회사 더블엑스코퍼레이션,"김**,이**",혁신성장유형,제조업,그 외 기타 플라스틱 제품 제조업,"생활용품, 주방용품 제조업",2023-05-31,2026-05-30,신규,2026-02-28
경기도 성남시,에프티아이 주식회사,이**,혁신성장유형,연구개발서비스,전기ㆍ전자공학 연구개발업,"전자부품 연구개발, SW 연구개발",2023-05-17,2026-05-16,신규,2026-02-28
경기도 성남시,(주)푸드닥터,박**,혁신성장유형,도소매업,전자상거래 소매업,해독주스,2023-05-10,2026-05-09,신규,2026-02-28
경기도 성남시,주식회사 데블스랩,신**,벤처투자유형,기타,한식 일반 음식점업,음식(양갈비),2023-05-03,2026-05-02,신규,2026-02-28
경기도 성남시,주식회사 그린디바이스,여**,혁신성장유형,제조업,그 외 기타 달리 분류되지 않은 제품 제조업,주차관제시스템 모듈 등,2023-04-22,2026-04-21,재확인,2026-02-28
경기도 성남시,주식회사 카이스,"박**,전**",혁신성장유형,도소매업,전기용 기계장비 및 관련 기자재 도매업,센서 및 계측장비류,2023-05-31,2026-05-30,신규,2026-02-28
경기도 성남시,주식회사 버추얼플로우,노**,벤처투자유형,정보처리S/W,컴퓨터 프로그래밍 서비스업,"3D 콘텐츠 개발 솔루션, 플랫폼 구축 운영 서비스",2023-05-03,2026-05-02,신규,2026-02-28
경기도 성남시,주식회사 비엘에스,김**,혁신성장유형,제조업,구두류 제조업,구두,2023-05-31,2026-05-30,신규,2026-02-28
경기도 성남시,미소에이스 주식회사,권**,연구개발유형,정보처리S/W,컴퓨터 프로그래밍 서비스업,"산업안전시스템, 검사기 시스템",2023-05-17,2026-05-16,신규,2026-02-28
경기도 성남시,주식회사 크린컴퍼니,장**,혁신성장유형,제조업,기타 구조용 금속제품 제조업,유수식튀김기.공기청정기등,2023-06-14,2026-06-13,신규,2026-02-28
경기도 성남시,주식회사 디랩,송**,혁신성장유형,기타,"그 외 기타 분류 안된 전문, 과학 및 기술 서비스업","코딩, 소프트웨어",2023-04-12,2026-04-11,재확인,2026-02-28
경기도 성남시,주식회사 리즈헬스케어,김**,벤처투자유형,도소매업,전자상거래 소매 중개업,건강기능식품,2023-05-10,2026-05-09,신규,2026-02-28
경기도 성남시,주식회사 큐빅 (Cubig Corp.),배**,벤처투자유형,정보처리S/W,응용 소프트웨어 개발 및 공급업,정보통신업,2023-05-10,2026-05-09,신규,2026-02-28
경기도 성남시,(주)화인매카트로닉스,이**,혁신성장유형,제조업,산업처리공정 제어장비 제조업,"자동중량선별기, 금속검출기,인디케이터",2023-05-17,2026-05-16,신규,2026-02-28
경기도 성남시,주식회사 옐로펀트로봇,전**,혁신성장유형,제조업,산업용 로봇 제조업,F&B로봇 제작 및 공급업,2023-05-31,2026-05-30,신규,2026-02-28
경기도 성남시,(주)하마랩,김**,혁신성장유형,정보처리S/W,컴퓨터 프로그래밍 서비스업,"소프트웨어, APP 개발 등",2023-06-07,2026-06-06,신규,2026-02-28
경기도 성남시,주식회사 갤로핑,손**,벤처투자유형,정보처리S/W,기타 정보기술 및 컴퓨터운영 관련 서비스업,인공지능 축구트레이닝 서비스,2023-05-31,2026-05-30,신규,2026-02-28
경기도 성남시,주식회사 케이엑스,구**,연구개발유형,제조업,기타 주변기기 제조업,방폭전자기기 설계 및 조립,2023-06-14,2026-06-13,신규,2026-02-28
경기도 성남시,주식회사 두리넥스,김**,연구개발유형,정보처리S/W,응용 소프트웨어 개발 및 공급업,소프트웨어개발,2023-06-07,2026-06-06,신규,2026-02-28
경기도 성남시,(주)아로마에프아이,박**,혁신성장유형,제조업,기타 식품 첨가물 제조업,"식품 향료, 견과 가공품, 젤리 음료, 곡류 가공품 등",2023-05-24,2026-05-23,재확인,2026-02-28
경기도 성남시,주식회사 피나클 (FINAKLE),조**,혁신성장유형,정보처리S/W,응용 소프트웨어 개발 및 공급업,상업용 부동산 수익증권 거래 플랫폼,2023-06-14,2026-06-13,신규,2026-02-28
경기도 성남시,주식회사 레보랩,이**,혁신성장유형,연구개발서비스,전기ㆍ전자공학 연구개발업,차량용 전기전자부품,2023-06-14,2026-06-13,신규,2026-02-28
경기도 성남시,주식회사 온날,박**,혁신성장유형,제조업,단미 사료 및 기타 사료 제조업,반려동물 간식,2023-06-21,2026-06-20,신규,2026-02-28
경기도 성남시,(주)헬프네이쳐,박**,혁신성장유형,제조업,그 외 기타 플라스틱 제품 제조업,생분해성 수지,2023-08-30,2026-08-29,신규,2026-02-28
경기도 성남시,주식회사 맘스,박**,혁신성장유형,제조업,그 외 기타 식료품 제조업,간편조리식재료및 무항생제 한우사골곰탕,2023-08-09,2026-08-08,신규,2026-02-28
경기도 성남시,주식회사 하나토목이엔지,홍**,연구개발유형,기타,건물 및 토목 엔지니어링 서비스업,"토목설계, 지하안전평가, 토목감리, 흙막이가시설, 계측, 지질조사, 현황측량",2023-07-12,2026-07-11,신규,2026-02-28
경기도 성남시,주식회사 와이티아이엔에스,염**,혁신성장유형,정보처리S/W,컴퓨터 프로그래밍 서비스업,프로그램 및 정보기술 서비스,2023-09-20,2026-09-19,신규,2026-02-28
경기도 성남시,주식회사 티에스머티리얼즈,김**,혁신성장유형,제조업,그 외 기타 분류 안된 비금속 광물제품 제조업,GFRP보강근,2023-07-05,2026-07-04,신규,2026-02-28
경기도 성남시,주식회사 플랜트랩,김**,벤처투자유형,정보처리S/W,시스템 소프트웨어 개발 및 공급업,소프트웨어 ,2023-05-31,2026-05-30,신규,2026-02-28
경기도 성남시,주식회사 굿베이크아이엔,전**,혁신성장유형,제조업,빵류 제조업,"타르트, 커피, 음료, 프렌차이즈",2023-06-14,2026-06-13,신규,2026-02-28
경기도 성남시,주식회사 비톡,윤**,혁신성장유형,정보처리S/W,포털 및 기타 인터넷 정보매개 서비스업,메타버스 소셜 플랫폼,2023-08-30,2026-08-29,신규,2026-02-28
경기도 성남시,(주)스토어스위프트코리아,최**,혁신성장유형,정보처리S/W,응용 소프트웨어 개발 및 공급업,분산형 파일저장 시스템,2023-07-19,2026-07-18,신규,2026-02-28
경기도 성남시,(주)이엔지아이,유**,혁신성장유형,기타,지질 조사·탐사 및 지도 제작업,"지질조사및설계,토목기술용역업",2023-07-05,2026-07-04,신규,2026-02-28
경기도 성남시,주식회사 데이터메티카,c**,혁신성장유형,정보처리S/W,시스템 소프트웨어 개발 및 공급업,"인공지능 학습데이터 수집, 가공 및 분석",2024-09-04,2027-09-03,신규,2026-02-28
경기도 성남시,(주)지엠디소프트,김**,연구개발유형,정보처리S/W,응용 소프트웨어 개발 및 공급업,"응용소프트웨어 개발,공급/일반통신공사/컴퓨터,주변장치,소프트웨어 도소매,전자상거래/부동산 임대",2023-06-28,2026-06-27,신규,2026-02-28
경기도 성남시,주식회사 아이피아,함**,벤처투자유형,정보처리S/W,응용 소프트웨어 개발 및 공급업,소프트웨어,2023-06-14,2026-06-13,신규,2026-02-28
경기도 성남시,하남전자산업㈜,김**,혁신성장유형,제조업,그 외 기타 전자부품 제조업,TRANSFORMER,2023-09-07,2026-09-06,재확인,2026-02-28
경기도 성남시,주식회사 티와이즈,정**,혁신성장유형,정보처리S/W,컴퓨터 프로그래밍 서비스업,시스템 및 응용소프트웨어,2023-07-05,2026-07-04,신규,2026-02-28
경기도 성남시,인포그랩 유한회사,조**,연구개발유형,정보처리S/W,시스템 소프트웨어 개발 및 공급업,DevOps 구축 및 컨설팅/교육,2023-08-09,2026-08-08,신규,2026-02-28
경기도 성남시,주식회사 바로나무,최**,혁신성장유형,제조업,골판지 상자 및 가공제품 제조업,"골판지 상자, 보존상자, 보존용 중성지 상자등",2023-08-16,2026-08-15,신규,2026-02-28
경기도 성남시,(주)비씨켐,서**,벤처투자유형,연구개발서비스,의학 및 약학 연구개발업,"항암제, 치매치료제, 파킨스병 치료제 연구개발",2023-06-28,2026-06-27,재확인,2026-02-28
경기도 성남시,(주)어반엘티,최**,혁신성장유형,정보처리S/W,시스템 소프트웨어 개발 및 공급업,"SOC, 스포츠 문화 시설, 아파트 커뮤니티 시설 등 운영 관리 WEB/APP 플랫폼 개발",2023-07-12,2026-07-11,신규,2026-02-28
경기도 성남시,주식회사 이플라스크,강**,연구개발유형,연구개발서비스,의학 및 약학 연구개발업,기타전문서비스업,2023-09-27,2026-09-26,신규,2026-02-28
경기도 성남시,주식회사 인데이타시스템,곽**,혁신성장유형,정보처리S/W,컴퓨터시스템 통합 자문 및 구축 서비스업,AI기술 이용한 분석플랫폼서비스 및 판매,2023-09-20,2026-09-19,신규,2026-02-28
경기도 성남시,주식회사 망치,김**,벤처투자유형,정보처리S/W,응용 소프트웨어 개발 및 공급업,응용 소프트웨어,2023-07-05,2026-07-04,신규,2026-02-28
경기도 성남시,주식회사 제이티시스템,박**,혁신성장유형,정보처리S/W,기타 정보기술 및 컴퓨터운영 관련 서비스업,"IT서비스 제공 시스템, 자주포 시뮬레이터 등",2023-09-27,2026-09-26,신규,2026-02-28
경기도 성남시,주식회사 빅모빌리티,서**,벤처투자유형,정보처리S/W,데이터베이스 및 온라인정보 제공업,웹사이트 (화물차 주차장 정보 검색),2023-07-12,2026-07-11,신규,2026-02-28
경기도 성남시,(주)위앨리스,이**,혁신성장유형,제조업,기타 무선 통신장비 제조업,콜드체인 모니터링 솔루션,2023-11-15,2026-11-14,신규,2026-02-28
경기도 성남시,(주)영구크린,임**,혁신성장유형,정보처리S/W,데이터베이스 및 온라인정보 제공업,이사/청소 플랫폼서비스,2023-07-19,2026-07-18,재확인,2026-02-28
경기도 성남시,주식회사 에이치씨코퍼레이션,이**,혁신성장유형,제조업,비메모리용 및 기타 전자집적회로 제조업,"광통신장비, 정보통신공사",2023-08-16,2026-08-15,재확인,2026-02-28
경기도 성남시,주식회사 퀸라이브 ,윤**,벤처투자유형,정보처리S/W,데이터베이스 및 온라인정보 제공업,응용 소프트웨어 개발및 공급업 ,2023-08-09,2026-08-08,신규,2026-02-28
경기도 성남시,주식회사 토르 테라퓨틱스,송**,벤처투자유형,연구개발서비스,의학 및 약학 연구개발업,신약치료제,2023-07-26,2026-07-25,신규,2026-02-28
경기도 성남시,주식회사 올라프게임즈,송**,벤처투자유형,정보처리S/W,기타 게임 소프트웨어 개발 및 공급업,"PC, 콘솔 게임",2023-07-26,2026-07-25,신규,2026-02-28
경기도 성남시,주식회사 지오티,박**,혁신성장유형,제조업,기타 무선 통신장비 제조업,"무선랜 AP,  POE, 안테나",2023-08-16,2026-08-15,신규,2026-02-28
경기도 성남시,주식회사 오토왁스,김**,혁신성장유형,도소매업,전자상거래 소매업,자동차 카케어 제품,2023-09-21,2026-09-20,신규,2026-02-28
경기도 성남시,(주)휴온스랩,윤**,벤처투자유형,연구개발서비스,의학 및 약학 연구개발업,"바이오의약품,화장품,식품,생물학적제제,동물의약품,의료기기 연구개발",2023-07-26,2026-07-25,신규,2026-02-28
경기도 성남시,(주)그랜텍,"김**,오**",벤처투자유형,기타,그 외 기타 금융 지원 서비스업,지주회사(가구제조 및 도소매업),2023-08-09,2026-08-08,신규,2026-02-28
경기도 성남시,주식회사 이캐슬,김**,벤처투자유형,정보처리S/W,응용 소프트웨어 개발 및 공급업,"소프트웨어 개발 및 공급,생활용 포장 및 위생용품, 봉투 및 유사 제품 도매업,완구, 패션, 잡화,서적 및 문구용품 소매업,게임용구, 인형 및 장난감 소매업,전",2023-08-16,2026-08-15,신규,2026-02-28
경기도 성남시,주식회사 아이디랩스,인**,혁신성장유형,정보처리S/W,응용 소프트웨어 개발 및 공급업,소프트웨어 제작 및 유통 화장품 제조,2023-08-16,2026-08-15,재확인,2026-02-28
경기도 성남시,주식회사 와이에스코스,윤**,혁신성장유형,제조업,화장품 제조업,헤어 케어 제품 (샴푸/트리트먼트/헤어토닉 등),2023-08-16,2026-08-15,신규,2026-02-28
경기도 성남시,(주)피타소프트,허**,혁신성장유형,제조업,비디오 및 기타 영상기기 제조업,차량용 블랙박스,2023-08-30,2026-08-29,재확인,2026-02-28
경기도 성남시,우레 주식회사,김**,연구개발유형,정보처리S/W,기타 게임 소프트웨어 개발 및 공급업,게임 소프트웨어 개발 및 공급업,2023-09-27,2026-09-26,신규,2026-02-28
경기도 성남시,주식회사 크리토,장**,혁신성장유형,정보처리S/W,응용 소프트웨어 개발 및 공급업,Reverse 3차원 모델 및 콘텐츠 생성 기술,2023-08-16,2026-08-15,신규,2026-02-28
경기도 성남시,(주)제이디리서치,원**,벤처투자유형,정보처리S/W,데이터베이스 및 온라인정보 제공업,컨설팅 ,2023-08-16,2026-08-15,신규,2026-02-28
경기도 성남시,주식회사 아비브,장**,벤처투자유형,정보처리S/W,컴퓨터 프로그래밍 서비스업,소프트웨어,2023-08-16,2026-08-15,신규,2026-02-28
경기도 성남시,주식회사 얼라이브(ALIVE Inc.),김**,혁신성장유형,정보처리S/W,응용 소프트웨어 개발 및 공급업,비디오 게임 개발 및 서비스,2023-09-06,2026-09-05,신규,2026-02-28
경기도 성남시,뉴라바디(주),이**,혁신성장유형,제조업,그 외 기타 전기장비 제조업,웨어러블 기기 제조,2024-03-27,2027-03-26,신규,2026-02-28
경기도 성남시,주식회사 아리아컴퍼니,이**,벤처투자유형,도소매업,가구 소매업,"목재가구, 사무용가구, 통신판매업",2023-08-30,2026-08-29,신규,2026-02-28
경기도 성남시,(주)유로사이언스,이**,혁신성장유형,도소매업,정밀기기 및 과학기기 도매업,성분분석기,2023-10-18,2026-10-17,신규,2026-02-28
경기도 성남시,아리카 주식회사,박**,벤처투자유형,정보처리S/W,시스템 소프트웨어 개발 및 공급업,"서비스로봇 소프트웨어, RaaS 플랫폼",2023-10-04,2026-10-03,신규,2026-02-28
경기도 성남시,진우하이테크 주식회사,조**,혁신성장유형,제조업,산업처리공정 제어장비 제조업,유량계등 계측장비제조,2023-08-30,2026-08-29,신규,2026-02-28
경기도 성남시,주식회사  태영아이앤씨,신**,혁신성장유형,제조업,비디오 및 기타 영상기기 제조업,CCTV통합배선반,2023-09-20,2026-09-19,재확인,2026-02-28
경기도 성남시,주식회사 이오그라운드,권**,혁신성장유형,정보처리S/W,그 외 기타 정보 서비스업,소프트웨어 개발 /정보/서비스,2023-09-27,2026-09-26,신규,2026-02-28
경기도 성남시,주식회사 벳엔진,김**,연구개발유형,연구개발서비스,농림수산학 및 수의학 연구개발업,바이오뱅크 및 임상시험,2023-11-22,2026-11-21,신규,2026-02-28
경기도 성남시,(주)테크커넥트,김**,혁신성장유형,제조업,컴퓨터 모니터 제조업,"전자칠판시스템, UC화상장비, LED대형디스플레이",2023-09-13,2026-09-12,재확인,2026-02-28
경기도 성남시,주식회사 엘에프오,김**,혁신성장유형,정보처리S/W,컴퓨터 프로그래밍 서비스업,시스템 통합 (SI),2023-11-16,2026-11-15,신규,2026-02-28
경기도 성남시,주식회사 메디어트코리아,신**,벤처투자유형,도소매업,의료기기 도매업,의료기기,2023-09-20,2026-09-19,신규,2026-02-28
경기도 성남시,엘에프피첨단소재 주식회사,백**,벤처투자유형,제조업,합성수지 및 기타 플라스틱 물질 제조업,합성수지,2023-09-13,2026-09-12,신규,2026-02-28
경기도 성남시,"주식회사 더키(The KIE Co.,Ltd.)",조**,혁신성장유형,정보처리S/W,응용 소프트웨어 개발 및 공급업,소프트웨어,2023-09-20,2026-09-19,신규,2026-02-28
경기도 성남시,(주)고투,박**,혁신성장유형,제조업,도시락류 제조업,"도시락류 제조업, 식품 제조 가공업",2023-10-25,2026-10-24,신규,2026-02-28
경기도 성남시,주식회사 교육을품다,최**,혁신성장유형,정보처리S/W,기타 정보기술 및 컴퓨터운영 관련 서비스업,학습자 관리 CRM을 기반으로 영어 학습을 추천하여 디지털 콘텐츠를 활용한 수준 별 맞춤 학습을 제공,2023-11-29,2026-11-28,신규,2026-02-28
경기도 성남시,주식회사 럭스팩코리아,우**,벤처투자유형,제조업,그 외 기타 플라스틱 제품 제조업,화장품용기,2023-09-27,2026-09-26,신규,2026-02-28
경기도 성남시,에이스 향료,김**,혁신성장유형,제조업,그 외 기타 식료품 제조업,식품첨가물,2023-12-27,2026-12-26,재확인,2026-02-28
경기도 성남시,주식회사 로버스,박**,벤처투자유형,기타,사업 및 무형 재산권 중개업,농업 지식재산권 거래 플랫폼,2023-10-25,2026-10-24,신규,2026-02-28
경기도 성남시,주식회사 젯슨에이아이,김**,혁신성장유형,정보처리S/W,컴퓨터시스템 통합 자문 및 구축 서비스업,소프트웨어,2023-10-25,2026-10-24,신규,2026-02-28
경기도 성남시,주식회사 벨루가,김**,벤처투자유형,정보처리S/W,응용 소프트웨어 개발 및 공급업,모바일게임 소프트웨어,2024-01-31,2027-01-30,신규,2026-02-28
경기도 성남시,주식회사 아펠레스,최**,혁신성장유형,정보처리S/W,컴퓨터 프로그래밍 서비스업,소프트웨어개발,2023-12-06,2026-12-05,신규,2026-02-28
경기도 성남시,주식회사 플랜티엠,황**,혁신성장유형,정보처리S/W,데이터베이스 및 온라인정보 제공업,"디지털컨텐츠의 개발,제작,유통및판매",2023-11-22,2026-11-21,재확인,2026-02-28
경기도 성남시,루시드마이크로시스템즈 주식회사,이**,혁신성장유형,연구개발서비스,전기ㆍ전자공학 연구개발업,반도체 집적회로 설계,2023-11-29,2026-11-28,신규,2026-02-28
경기도 성남시,주식회사 에픽비긴즈,강**,혁신성장유형,기타,애니메이션 영화 및 비디오물 제작업,AI를 활용한 이미지생성툴 제작 및 미디어영상제작,2024-05-07,2027-05-06,신규,2026-02-28
경기도 성남시,주식회사 다이버스,이**,혁신성장유형,정보처리S/W,시스템 소프트웨어 개발 및 공급업,소프트웨어 개발,2023-11-22,2026-11-21,신규,2026-02-28
경기도 성남시,상현구조이앤씨(주),전**,혁신성장유형,기타,건물 및 토목 엔지니어링 서비스업,시설물 구조설계업,2023-11-08,2026-11-07,신규,2026-02-28
경기도 성남시,주식회사비쏠시스템,"김**,윤**",혁신성장유형,건설운수,배관 및 냉ㆍ난방 공사업,에어컨,2023-12-13,2026-12-12,신규,2026-02-28
경기도 성남시,(주)나리온,이**,혁신성장유형,제조업,화장품 제조업,"기초화장품, 색조화장품, 비누, 향수",2023-11-08,2026-11-07,신규,2026-02-28
경기도 성남시,(주)캐럿게임즈,"김**,손**",벤처투자유형,정보처리S/W,모바일 게임 소프트웨어 개발 및 공급업,모바일 게임,2023-10-25,2026-10-24,재확인,2026-02-28
경기도 성남시,주식회사 와이와이소프트,양**,벤처투자유형,정보처리S/W,시스템 소프트웨어 개발 및 공급업,식품이력추적 시스템 서비스 및 구축,2023-11-15,2026-11-14,신규,2026-02-28
경기도 성남시,주식회사 스테이시스필드,하**,벤처투자유형,정보처리S/W,기타 게임 소프트웨어 개발 및 공급업,VR 소프트웨어,2023-11-15,2026-11-14,신규,2026-02-28
경기도 성남시,주식회사 오아시스시큐리티,김**,혁신성장유형,기타,보안시스템 서비스업,사이버 위협 정보 서비스,2023-11-01,2026-10-31,신규,2026-02-28
경기도 성남시,주식회사 슈퍼래빗게임즈,김**,벤처투자유형,정보처리S/W,모바일 게임 소프트웨어 개발 및 공급업,모바일 게임 &apos;크라운 퀘스트&apos; 개발 및 서비스,2023-11-01,2026-10-31,신규,2026-02-28
경기도 성남시,(주)라온반도체,용**,연구개발유형,제조업,비메모리용 및 기타 전자집적회로 제조업,비메모리 반도체 제조(도소매),2023-11-15,2026-11-14,신규,2026-02-28
경기도 성남시,주식회사 프라임마스코리아,박**,혁신성장유형,제조업,메모리용 전자집적회로 제조업,반도체 SoC,2023-11-08,2026-11-07,신규,2026-02-28
경기도 성남시,노바랩주식회사,김**,연구개발유형,기타,환경 관련 엔지니어링 서비스업,환경 엔지니어링 서비스 등,2023-11-01,2026-10-31,신규,2026-02-28
경기도 성남시,주식회사 피크닉,백**,혁신성장유형,기타,"그 외 기타 분류 안된 전문, 과학 및 기술 서비스업",디지털 프로덕트 UXUI 디자인,2023-11-08,2026-11-07,신규,2026-02-28
경기도 성남시,주식회사 아이리브,이**,벤처투자유형,정보처리S/W,응용 소프트웨어 개발 및 공급업,AIaaS,2023-11-01,2026-10-31,신규,2026-02-28
경기도 성남시,주식회사 리빔,이**,혁신성장유형,기타,"그 외 기타 분류 안된 전문, 과학 및 기술 서비스업","광고매체 판매업, 마케팅 서비스업",2023-11-08,2026-11-07,신규,2026-02-28
경기도 성남시,주식회사 브리즈스튜디오,박**,혁신성장유형,정보처리S/W,모바일 게임 소프트웨어 개발 및 공급업,모바일게임 퍼즐앤히어로즈,2023-12-27,2026-12-26,신규,2026-02-28
경기도 성남시,주식회사 아티코디자인,김**,혁신성장유형,정보처리S/W,응용 소프트웨어 개발 및 공급업,웹/앱 3D 시뮬레이션 공급 서비스,2023-11-22,2026-11-21,신규,2026-02-28
경기도 성남시,주식회사 그랜드엔터프라이즈,한**,혁신성장유형,정보처리S/W,응용 소프트웨어 개발 및 공급업,사진 촬영기,2023-11-22,2026-11-21,신규,2026-02-28
경기도 성남시,(주)코드네임봄,신**,벤처투자유형,정보처리S/W,모바일 게임 소프트웨어 개발 및 공급업,"모바일게임소프트웨어,유선온라인게임소프트웨어,게임소프트웨어 개발,공급/광고 대행",2023-11-22,2026-11-21,신규,2026-02-28
경기도 성남시,주식회사 디엑스알,김**,혁신성장유형,정보처리S/W,응용 소프트웨어 개발 및 공급업,"AI, 인공지능을 활용한 공정 자동화",2024-03-28,2027-03-27,신규,2026-02-28
경기도 성남시,(주) 젠믹스텍,승**,혁신성장유형,제조업,기타 무선 통신장비 제조업,"무선 주파수 증폭기, 변환기 등",2024-01-24,2027-01-23,재확인,2026-02-28
경기도 성남시,주식회사 비투솔루션,김**,혁신성장유형,제조업,그 외 기타 전기장비 제조업,방산장비개발,2024-04-25,2027-04-24,신규,2026-02-28
경기도 성남시,주식회사 초마루,전**,혁신성장유형,제조업,표면광택제 및 실내가향제 제조업,방향제,2024-01-10,2027-01-09,신규,2026-02-28
경기도 성남시,주식회사 상신,최**,혁신성장유형,제조업,그 외 기타 의료용 기기 제조업,"화장품, 미용기기",2023-12-06,2026-12-05,신규,2026-02-28
경기도 성남시,주식회사 에이더엑스 (AiderX),김**,벤처투자유형,정보처리S/W,응용 소프트웨어 개발 및 공급업,B2B/B2C AI 비서 소프트웨어,2023-11-29,2026-11-28,신규,2026-02-28
경기도 성남시,주식회사 폴라이크,임**,혁신성장유형,정보처리S/W,포털 및 기타 인터넷 정보매개 서비스업,영유아 긴급돌봄 서비스 ,2024-01-17,2027-01-16,신규,2026-02-28
경기도 성남시,피르스트주식회사,김**,연구개발유형,제조업,기타 절연선 및 케이블 제조업,케이블하네스,2024-04-09,2027-04-08,신규,2026-02-28
경기도 성남시,포트로직스 주식회사,최**,벤처투자유형,건설운수,"화물운송 중개, 대리 및 관련 서비스업",국제물류주선업,2023-12-20,2026-12-19,신규,2026-02-28
경기도 성남시,주식회사 아이모브,"유**,장**",연구개발유형,정보처리S/W,컴퓨터시스템 통합 자문 및 구축 서비스업,IOT플렛폼 서비스,2024-01-03,2027-01-02,신규,2026-02-28
경기도 성남시,엔더블유 주식회사(NW Corp.),송**,혁신성장유형,정보처리S/W,응용 소프트웨어 개발 및 공급업,Smart Contact Center Solution 개발,2024-12-17,2027-12-16,신규,2026-02-28
경기도 성남시,(주)브리지,이**,연구개발유형,제조업,인쇄회로기판용 적층판 제조업,Probe Card PCB Mother Board,2023-12-20,2026-12-19,재확인,2026-02-28
경기도 성남시,주식회사 메버텍,정**,혁신성장유형,제조업,기타 주변기기 제조업,"인터랙티브 화이트보드용 AD보드 및 SMPS, 인터랙티브 화이트보드용 Slot in mini PC",2024-02-08,2027-02-07,신규,2026-02-28
경기도 성남시,주식회사 라함,박**,혁신성장유형,제조업,단미 사료 및 기타 사료 제조업,"1. 반려동물용 사료, 간식 및 용품 제조 2. 반려동물용 24시간 무인매장 프랜차이즈 운영",2024-01-31,2027-01-30,신규,2026-02-28
경기도 성남시,주식회사 이비에스스퀘어,황**,벤처투자유형,제조업,기타 이차전지 제조업,"반도체,이차전지,인공지능,센서",2023-12-20,2026-12-19,신규,2026-02-28
경기도 성남시,이그나이트 주식회사,조**,혁신성장유형,정보처리S/W,컴퓨터 프로그래밍 서비스업,IT서비스,2024-01-03,2027-01-02,신규,2026-02-28
경기도 성남시,피벗 주식회사,송**,혁신성장유형,정보처리S/W,응용 소프트웨어 개발 및 공급업,믿을 수 있는 PT 트레이너 매칭 플랫폼 Fibud,2024-01-10,2027-01-09,신규,2026-02-28
경기도 성남시,농업회사법인 오늘맑음 주식회사,장**,연구개발유형,제조업,천연 및 혼합조제 조미료 제조업,"김치양념블럭, 김치소스",2024-02-14,2027-02-13,신규,2026-02-28
경기도 성남시,주식회사쎈비젼,신**,혁신성장유형,제조업,산업처리공정 제어장비 제조업,머신비전시스템,2024-01-03,2027-01-02,신규,2026-02-28
경기도 성남시,주식회사 휴어템,양**,혁신성장유형,제조업,그 외 기타 달리 분류되지 않은 제품 제조업,질식소화포,2024-01-17,2027-01-16,신규,2026-02-28
경기도 성남시,한국에너지산업기술(주),양**,혁신성장유형,제조업,그 외 기타 플라스틱 제품 제조업,변압기 절연유 IoT Pallet,2023-12-27,2026-12-26,재확인,2026-02-28
경기도 성남시,주식회사 오케이대부 정자,김**,벤처투자유형,기타,그 외 기타 여신금융업,"지분담보대출, 담보대출, 대출모집대행업, 부동산 개발, 시행, 관리 및 컨설팅업, 부동산매매업, 부동산대출업",2024-01-03,2027-01-02,신규,2026-02-28
경기도 성남시,주식회사 원웨이티켓스튜디오,송**,혁신성장유형,정보처리S/W,유선 온라인 게임 소프트웨어 개발 및 공급업,"PC, 콘솔게임 제작",2024-01-10,2027-01-09,신규,2026-02-28
경기도 성남시,투라 주식회사,임**,벤처투자유형,도소매업,화장품 및 화장용품 도매업,화장품 및 화장용품 도매업,2024-01-03,2027-01-02,신규,2026-02-28
경기도 성남시,주식회사 테라플랫폼,서**,혁신성장유형,연구개발서비스,기타 인문 및 사회과학 연구개발업,"연구개발, 소프트웨어개발, 에너지사업컨설팅, 학술연구용역",2024-01-24,2027-01-23,신규,2026-02-28
경기도 성남시,㈜씨티랩,김**,벤처투자유형,제조업,기타 반도체소자 제조업,"LED조명, UV경화기",2024-02-14,2027-02-13,재확인,2026-02-28
경기도 성남시,주식회사 비즈멘토,김**,벤처투자유형,기타,기타 사무지원 서비스업,경리아웃소싱,2024-01-03,2027-01-02,신규,2026-02-28
경기도 성남시,주식회사 루나셀,김**,벤처투자유형,연구개발서비스,자연과학 및 공학 융합 연구개발업,콘텐츠 플랫폼 &apos;sandup&apos;,2024-01-10,2027-01-09,신규,2026-02-28
경기도 성남시,주식회사 대한스캐폴딩,정**,혁신성장유형,기타,기타 산업용 기계 및 장비 임대업,잭서포트,2024-01-31,2027-01-30,신규,2026-02-28
경기도 성남시,주식회사 클리크소프트,제**,벤처투자유형,정보처리S/W,기타 게임 소프트웨어 개발 및 공급업,"펫 케어 플랫폼 옳치 (  EMR , APP )",2024-01-24,2027-01-23,신규,2026-02-28
경기도 성남시,에픽카주식회사,박**,벤처투자유형,정보처리S/W,포털 및 기타 인터넷 정보매개 서비스업,자동차 대체부품을 활용한 정비비용 절감 서비스,2024-01-10,2027-01-09,신규,2026-02-28
경기도 성남시,주식회사 에듀비아,김**,혁신성장유형,정보처리S/W,시스템 소프트웨어 개발 및 공급업,이대로,2024-02-22,2027-02-21,신규,2026-02-28
경기도 성남시,안심식품,안**,혁신성장유형,제조업,절삭가공 및 유사처리업,만두,2024-01-24,2027-01-23,신규,2026-02-28
경기도 성남시,주식회사 에이치충전연구소,이**,벤처투자유형,제조업,기타 전기 변환장치 제조업,전기차 충전기 및 운영시스템,2024-01-17,2027-01-16,신규,2026-02-28
경기도 성남시,사자가온다 주식회사,이**,혁신성장유형,정보처리S/W,데이터베이스 및 온라인정보 제공업,학교상담 올인원 서비스,2024-02-28,2027-02-27,신규,2026-02-28
경기도 성남시,주식회사 인프랩,이**,벤처투자유형,기타,기타 교육지원 서비스업,강의 플랫폼,2024-02-28,2027-02-27,재확인,2026-02-28
경기도 성남시,주식회사 피치에이아이,"이**,김**",벤처투자유형,정보처리S/W,기타 정보기술 및 컴퓨터운영 관련 서비스업,옥외광고 성과 분석,2024-01-31,2027-01-30,신규,2026-02-28
경기도 성남시,주식회사 비엘테크,배**,벤처투자유형,제조업,비디오 및 기타 영상기기 제조업,"SVM시스템, 차량용 블랙박스",2024-03-04,2027-03-03,재확인,2026-02-28
경기도 성남시,주식회사 티핑,유**,벤처투자유형,정보처리S/W,기타 정보기술 및 컴퓨터운영 관련 서비스업,신경자극술을 이용한 웰니스 하드웨어 및 소프트웨어,2024-02-07,2027-02-06,신규,2026-02-28
경기도 성남시,주식회사 스튜디오무직,송**,혁신성장유형,기타,시각 디자인업,굿즈(노트북 파우치 등),2024-02-14,2027-02-13,신규,2026-02-28
경기도 성남시,브레인이뮤넥스 주식회사,권**,혁신성장유형,연구개발서비스,의학 및 약학 연구개발업,의학 및 약학 연구개발서비스,2024-04-04,2027-04-03,신규,2026-02-28
경기도 성남시,에스엔칩스주식회사,송**,혁신성장유형,제조업,비메모리용 및 기타 전자집적회로 제조업,"센서 ROIC,아날로그반도체IP",2025-01-14,2028-01-13,신규,2026-02-28
경기도 성남시,예비창업자 강세범,강**,예비벤처유형,제조업,기타 무선 통신장비 제조업,,2024-02-14,2027-02-13,신규,2026-02-28
경기도 성남시,미술로 주식회사,조**,벤처투자유형,기타,그 외 기타 창작 및 예술관련 서비스업,미술품 보관 및 창고업,2024-04-17,2027-04-16,신규,2026-02-28
경기도 성남시,주식회사 정리습관,정**,벤처투자유형,기타,기타 전문 서비스업,공간정리 서비스 정리습관,2024-02-07,2027-02-06,신규,2026-02-28
경기도 성남시,프레리스쿠너 주식회사,김**,벤처투자유형,정보처리S/W,시스템 소프트웨어 개발 및 공급업,AI 솔루션,2024-02-14,2027-02-13,신규,2026-02-28
경기도 성남시,주식회사 레이어스코스메틱,김**,벤처투자유형,제조업,화장품 제조업,프리미엄 비건 더마 뷰티 브랜드 제조 및 판매,2024-02-21,2027-02-20,신규,2026-02-28
경기도 성남시,(주)웰데이타시스템,맹**,혁신성장유형,정보처리S/W,시스템 소프트웨어 개발 및 공급업,"SI사업,컴퓨터 주변기기, 통신장비",2024-03-18,2027-03-17,재확인,2026-02-28
경기도 성남시,주식회사 푸르므아,전**,연구개발유형,제조업,화장품 제조업,혁신 기능성 화장품,2024-04-17,2027-04-16,신규,2026-02-28
경기도 성남시,주식회사 스터디박스,권**,혁신성장유형,정보처리S/W,컴퓨터시스템 통합 자문 및 구축 서비스업,컴퓨터 및 핸드폰 자기주도학습관리 프로그램 서비스,2024-03-13,2027-03-12,신규,2026-02-28
경기도 성남시,주식회사 아페로,주**,벤처투자유형,정보처리S/W,컴퓨터 프로그래밍 서비스업,모바일 앱,2024-02-21,2027-02-20,신규,2026-02-28
경기도 성남시,㈜아이알웨이브,주**,혁신성장유형,제조업,비디오 및 기타 영상기기 제조업,"군용 열상카메라,열상쌍안경",2024-03-23,2027-03-22,재확인,2026-02-28
경기도 성남시,오피전력기술㈜,"최**,신**",혁신성장유형,제조업,그 외 기타 전기장비 제조업,전력설비 예방진단시스템,2024-03-19,2027-03-18,재확인,2026-02-28
경기도 성남시,주식회사 우리덜,권**,혁신성장유형,정보처리S/W,응용 소프트웨어 개발 및 공급업,"VR 콘텐츠, 웹소설 플랫폼",2024-04-03,2027-04-02,신규,2026-02-28
경기도 성남시,지엘팜텍㈜,"진**,김**",연구개발유형,연구개발서비스,의학 및 약학 연구개발업,"지소렌정, 자누비아정, 카발린CR정 등",2024-03-29,2027-03-28,재확인,2026-02-28
경기도 성남시,주식회사 알체라,황**,연구개발유형,정보처리S/W,응용 소프트웨어 개발 및 공급업,인공지능 및 증강현실 엔진 개발,2024-03-30,2027-03-29,재확인,2026-02-28
경기도 성남시,주식회사 티엘씨커뮤니케이션,"이**,김**",혁신성장유형,정보처리S/W,응용 소프트웨어 개발 및 공급업,영상관리인코더/플랫폼,2024-03-02,2027-03-01,재확인,2026-02-28
경기도 성남시,주식회사 에이블코퍼레이션,신**,연구개발유형,기타,기타 기술 및 직업훈련학원,에이블메디스킨(지점관리 서비스 시스템),2024-02-28,2027-02-27,신규,2026-02-28
경기도 성남시,주식회사 플레이스메이커,박**,혁신성장유형,제조업,금속선 가공제품 제조업,메탈패브릭,2024-02-28,2027-02-27,신규,2026-02-28
경기도 성남시,이한크리에이티브 주식회사,전**,혁신성장유형,정보처리S/W,기타 정보기술 및 컴퓨터운영 관련 서비스업,메타버스,2024-03-27,2027-03-26,신규,2026-02-28
경기도 성남시,주식회사 카플,성**,혁신성장유형,정보처리S/W,응용 소프트웨어 개발 및 공급업,"자동차부품, 가전제품, 해외직구대행업",2024-08-07,2027-08-06,신규,2026-02-28
경기도 성남시,(주) 시지태테크놀러지,태**,연구개발유형,정보처리S/W,컴퓨터시스템 통합 자문 및 구축 서비스업,소프트웨어 개발 및 공급,2024-03-25,2027-03-24,재확인,2026-02-28
경기도 성남시,주식회사태영코스메틱,황**,혁신성장유형,도소매업,화장품 및 화장용품 도매업,화장품(엘렌실라 달팽이크림),2024-05-21,2027-05-20,신규,2026-02-28
경기도 성남시,주식회사 휴먼딥,정**,혁신성장유형,정보처리S/W,컴퓨터 프로그래밍 서비스업,인공지능 기반 패혈증 환자 위험 조기 발견/예측 시스템,2024-04-07,2027-04-06,재확인,2026-02-28
경기도 성남시,주식회사 스프린트,김**,벤처투자유형,정보처리S/W,응용 소프트웨어 개발 및 공급업,소프트웨어,2024-03-06,2027-03-05,신규,2026-02-28
경기도 성남시,㈜에이알씨코리아,손**,혁신성장유형,제조업,정형외과용 및 신체보정용 기기 제조업,OmegaKnot Anchor,2024-04-04,2027-04-03,재확인,2026-02-28
경기도 성남시,주식회사 하스퍼,박**,혁신성장유형,제조업,컴퓨터 제조업,HPC(High Performance Computer),2024-04-12,2027-04-11,재확인,2026-02-28
경기도 성남시,주식회사 유락,유**,혁신성장유형,정보처리S/W,그 외 기타 정보 서비스업,보안솔루션,2024-03-18,2027-03-17,재확인,2026-02-28
경기도 성남시,주식회사 지아이셀,홍**,벤처투자유형,연구개발서비스,의학 및 약학 연구개발업,"의학,약학 연구개발/생물학적제제 제조",2024-02-28,2027-02-27,재확인,2026-02-28
경기도 성남시,아하방수텍 (주),안**,혁신성장유형,제조업,플라스틱 시트 및 판 제조업,방수자재,2024-04-15,2027-04-14,재확인,2026-02-28
경기도 성남시,주식회사 엔투테크,최**,혁신성장유형,제조업,기타 무선 통신장비 제조업,"수배전반,통합배선반",2024-03-27,2027-03-26,신규,2026-02-28
경기도 성남시,주식회사 힌트,송**,혁신성장유형,정보처리S/W,응용 소프트웨어 개발 및 공급업,"응용 소프트웨어 개발 및 공급업,전자통신기기,통신장비 제조업,전기 경보 및 신호장치 제조업,전자 감지장치 제조업,통신기기 또는 유선통신기기 제조업,영상감",2024-04-04,2027-04-03,재확인,2026-02-28
경기도 성남시,주식회사 옥된장에프엔비,조**,벤처투자유형,기타,경영 컨설팅업,프랜차이즈,2024-03-28,2027-03-27,신규,2026-02-28
경기도 성남시,주식회사 제이쓰리디,이**,혁신성장유형,정보처리S/W,응용 소프트웨어 개발 및 공급업,"3D스캐너 및 솔루션 ,관련  응용 소프트웨어 개발",2024-08-14,2027-08-13,신규,2026-02-28
경기도 성남시,㈜시브이바이오,이**,혁신성장유형,제조업,그 외 기타 의료용 기기 제조업,중재시술용 치료재료,2024-04-18,2027-04-17,재확인,2026-02-28
경기도 성남시,㈜지티웨이브,박**,혁신성장유형,제조업,유선 통신장비 제조업,"포터블CCTV, 무선랜AP,네트워크스위치",2024-04-14,2027-04-13,재확인,2026-02-28
경기도 성남시,주식회사 미듬,이**,벤처투자유형,제조업,기타 가정용 전기기기 제조업,"기타 가정용 전기기기 제조업,주방용 전기 기기 제조업,가전제품 및 부품 도매업,화장품 도매업,전기용 기계장비 및 관련 기자재 도매업,상품 종합 도매업,화장",2024-04-11,2027-04-10,재확인,2026-02-28
경기도 성남시,미담라이스,장**,혁신성장유형,제조업,떡류 제조업,"떡류, 곡류가공품, 두류가공품",2024-03-27,2027-03-26,신규,2026-02-28
경기도 성남시,주식회사 모비젠,김**,혁신성장유형,정보처리S/W,시스템 소프트웨어 개발 및 공급업,"스마트 네트워크 관리플랫폼,메시징솔루션,IRIS빅데이터 DB클러스터 및 분석 플랫폼 등 ",2024-03-10,2027-03-09,재확인,2026-02-28
경기도 성남시,주식회사 유니팜,"박**,김**",혁신성장유형,도소매업,전자상거래 소매업,건강기능식품 유통 판매업,2024-03-27,2027-03-26,신규,2026-02-28
경기도 성남시,㈜제노시스,송**,혁신성장유형,제조업,비디오 및 기타 영상기기 제조업,영상장비CCTV방송통신기,2024-04-01,2027-03-31,재확인,2026-02-28
경기도 성남시,(주)한국파마링크,김**,혁신성장유형,제조업,건강기능식품 제조업,건강기능식품,2024-04-13,2027-04-12,재확인,2026-02-28
경기도 성남시,(주)에바(EVAR),이**,벤처투자유형,제조업,기타 전기 변환장치 제조업,"전기차 충전기, 전기차 충전 인프라",2024-02-28,2027-02-27,재확인,2026-02-28
경기도 성남시,(주)씨에이치씨,최**,혁신성장유형,도소매업,"신선, 냉동 및 기타 수산물 도매업",냉동수산물,2024-03-20,2027-03-19,신규,2026-02-28
경기도 성남시,㈜지엠티,문**,연구개발유형,정보처리S/W,시스템 소프트웨어 개발 및 공급업,V-PASS 외,2024-04-20,2027-04-19,재확인,2026-02-28
경기도 성남시,위니케어주식회사,"김**,이**",연구개발유형,제조업,기타 가정용 전기기기 제조업,네일흡진기 전기기기,2024-04-28,2027-04-27,재확인,2026-02-28
경기도 성남시,리피도미아 주식회사,"박**,박**",혁신성장유형,도소매업,정밀기기 및 과학기기 도매업,이산화탄소배양기,2024-04-28,2027-04-27,재확인,2026-02-28
경기도 성남시,주식회사 팀그릿,김**,벤처투자유형,정보처리S/W,응용 소프트웨어 개발 및 공급업,Spider,2024-04-16,2027-04-15,재확인,2026-02-28
경기도 성남시,주식회사 클라이브,김**,연구개발유형,정보처리S/W,응용 소프트웨어 개발 및 공급업,Lufert V2.0,2024-03-27,2027-03-26,신규,2026-02-28
경기도 성남시,주식회사 클리셀,"전**,이**",연구개발유형,연구개발서비스,자연과학 및 공학 융합 연구개발업,쓰리디바이오프린터 및 인공피부,2024-05-02,2027-05-01,재확인,2026-02-28
경기도 성남시,세아전자(주),윤**,혁신성장유형,제조업,기타 절연선 및 케이블 제조업,케이블조립체,2024-03-28,2027-03-27,재확인,2026-02-28
경기도 성남시,주식회사 엔투소프트,김**,혁신성장유형,정보처리S/W,컴퓨터 프로그래밍 서비스업,여신시스템,2024-05-16,2027-05-15,재확인,2026-02-28
경기도 성남시,스페이스뱅크㈜,이**,벤처투자유형,정보처리S/W,데이터베이스 및 온라인정보 제공업,S/W,2024-04-01,2027-03-31,재확인,2026-02-28
경기도 성남시,주식회사 플로이프,정**,벤처투자유형,도소매업,전자상거래 소매업,화장품,2024-03-27,2027-03-26,신규,2026-02-28
경기도 성남시,주식회사 크레스프리,황**,연구개발유형,연구개발서비스,전기ㆍ전자공학 연구개발업,ALOOH IIoT Platform,2024-03-17,2027-03-16,재확인,2026-02-28
경기도 성남시,하이드로젠버터플라이 주식회사,조**,벤처투자유형,기타,"그 외 기타 분류 안된 전문, 과학 및 기술 서비스업",연료전지시스템,2024-05-22,2027-05-21,신규,2026-02-28
경기도 성남시,주식회사 스카이워크,구**,혁신성장유형,정보처리S/W,모바일 게임 소프트웨어 개발 및 공급업,모바일 게임,2024-04-14,2027-04-13,재확인,2026-02-28
경기도 성남시,주식회사 원더포션,유**,벤처투자유형,정보처리S/W,기타 게임 소프트웨어 개발 및 공급업,게임 소프트웨어,2024-04-02,2027-04-01,신규,2026-02-28
경기도 성남시,엠텍비젼 주식회사,이**,연구개발유형,제조업,비메모리용 및 기타 전자집적회로 제조업,"멀티미디어 반도체IC, CDR(블랙박스용 동영상 모듈) 외",2024-04-11,2027-04-10,재확인,2026-02-28
경기도 성남시,주식회사 프리딕티브에이아이,Y**,혁신성장유형,기타,"그 외 기타 분류 안된 전문, 과학 및 기술 서비스업",DNA 기반 디지털트윈 ,2024-04-17,2027-04-16,신규,2026-02-28
경기도 성남시,비전스페이스(주),최**,벤처투자유형,정보처리S/W,응용 소프트웨어 개발 및 공급업,디지털 트윈 기술 기반의 실시간 공간 시뮬레이터,2024-10-29,2027-10-28,신규,2026-02-28
경기도 성남시,주식회사 브리콘,이**,연구개발유형,기타,건물 및 토목 엔지니어링 서비스업,"프리캐스트 모듈러 교량, 신재생에너지, 연구개발 ",2024-03-31,2027-03-30,재확인,2026-02-28
경기도 성남시,주식회사 마카롱팩토리,김**,벤처투자유형,정보처리S/W,포털 및 기타 인터넷 정보매개 서비스업,인터넷정보매개,2024-05-13,2027-05-12,재확인,2026-02-28
경기도 성남시,(주)비비비,최**,벤처투자유형,제조업,그 외 기타 의료용 기기 제조업,헬스케어 및 의료기기,2024-05-13,2027-05-12,재확인,2026-02-28
경기도 성남시,운스메디칼 주식회사,백**,혁신성장유형,제조업,그 외 기타 의료용 기기 제조업,진공생체검사장치,2024-03-05,2027-03-04,재확인,2026-02-28
경기도 성남시,주식회사 부쉬맨(BUSHMAN Co. Ltd.),안**,혁신성장유형,제조업,화장품 제조업,"썬스틱, 썬크림 등 화장품제조",2025-04-29,2028-04-28,신규,2026-02-28
경기도 성남시,주식회사 담스테크,"송**,송**",혁신성장유형,제조업,기타 무선 통신장비 제조업,"안티드론시스템, 전자파차폐장치 등",2024-04-17,2027-04-16,신규,2026-02-28
경기도 성남시,동아이엔지㈜,강**,혁신성장유형,건설운수,콘크리트 및 철근 공사업,"HP-Wall, PS-Wall 외",2024-03-31,2027-03-30,재확인,2026-02-28
경기도 성남시,(주)크리스챤모드,이**,혁신성장유형,제조업,시계 및 시계부품 제조업,Bezel 밴드 교환방식 고급 패션시계,2024-04-21,2027-04-20,재확인,2026-02-28
경기도 성남시,주식회사 노부스테크,한**,혁신성장유형,제조업,음ㆍ식료품 및 담배 가공기계 제조업,커피볶음기,2024-03-26,2027-03-25,재확인,2026-02-28
경기도 성남시,소프트랜더스㈜,한**,혁신성장유형,정보처리S/W,데이터베이스 및 온라인정보 제공업,원스톱 장단기 해외파견지원 서비스 플랫폼,2024-04-22,2027-04-21,재확인,2026-02-28
경기도 성남시,(주) GES,이**,혁신성장유형,제조업,유선 통신장비 제조업,"보안기기,전력관리시스템",2024-04-09,2027-04-08,재확인,2026-02-28
경기도 성남시,㈜와이브레인,이**,벤처투자유형,제조업,그 외 기타 의료용 기기 제조업,뇌기능조절/치료기기 ,2024-05-08,2027-05-07,재확인,2026-02-28
경기도 성남시,(주)영원코스텍,김**,혁신성장유형,도소매업,화장품 및 화장용품 도매업,"화장품 및 화장용품 도매업,화장품,섬유, 의복, 신발 및 가죽제품 중개업, 목재 및 건축자재 중개업, 연료, 광물, 1차 금",2024-07-10,2027-07-09,신규,2026-02-28
경기도 성남시,주식회사 제이비케이랩,장**,혁신성장유형,제조업,건강기능식품 제조업,건강기능식품,2024-03-06,2027-03-05,재확인,2026-02-28
경기도 성남시,디펜스코리아 주식회사,오**,벤처투자유형,기타,기타 산업용 기계 및 장비 임대업,"대테러장비, 부품, 로봇",2024-04-16,2027-04-15,신규,2026-02-28
경기도 성남시,㈜한일에스티엠,한**,연구개발유형,제조업,기타 무선 통신장비 제조업,CCTV 관련,2024-04-21,2027-04-20,재확인,2026-02-28
경기도 성남시,㈜메디코아,조**,연구개발유형,도소매업,의료기기 도매업,"의료기기,건강기능식품,의약품,소프트웨어개발 및 공급",2024-05-16,2027-05-15,재확인,2026-02-28
경기도 성남시,주식회사 에이오팜,곽**,벤처투자유형,정보처리S/W,컴퓨터 프로그래밍 서비스업,농산물 인공지능 선별 시스템,2024-05-20,2027-05-19,재확인,2026-02-28
경기도 성남시,주식회사 레이텍엔지니어링,한**,연구개발유형,제조업,기타 무선 통신장비 제조업,안테나,2024-05-10,2027-05-09,재확인,2026-02-28
경기도 성남시,메디맵바이오㈜,"강**,조**",벤처투자유형,연구개발서비스,의학 및 약학 연구개발업,바이오 신약,2024-04-25,2027-04-24,재확인,2026-02-28
경기도 성남시,(주) 테라하임,이**,혁신성장유형,제조업,합성수지 및 기타 플라스틱 물질 제조업,친환경 소재 및 그 제품,2024-04-22,2027-04-21,재확인,2026-02-28
경기도 성남시,주식회사 티움바이오,김**,벤처투자유형,연구개발서비스,의학 및 약학 연구개발업,"신약(특발성폐섬유증 치료제,면역항암제,자궁내막증치료제,혈우병치료제) 연구개발",2024-04-13,2027-04-12,재확인,2026-02-28
경기도 성남시,주식회사 스위그,서**,벤처투자유형,정보처리S/W,호스팅 및 관련 서비스업,기업용 소프트웨어,2024-08-20,2027-08-19,신규,2026-02-28
경기도 성남시,(주)프렙,이**,벤처투자유형,제조업,기타 식사용 가공처리 조리식품 제조업,냉동밀키트 등,2024-04-21,2027-04-20,재확인,2026-02-28
경기도 성남시,주식회사 압타머사이언스,한**,연구개발유형,연구개발서비스,의학 및 약학 연구개발업,"폐암 조기진단 키트(AptoDetect-Lung), 압타머서비스, 당뇨치료제, 간암치료제",2024-05-12,2027-05-11,재확인,2026-02-28
경기도 성남시,(주)리튼브릿지,김**,혁신성장유형,건설운수,"교량, 터널 및 철도 건설업","토목공사,강구조물공사,캐노피공사,시설물유지공사,철근콘크리트공사/조립구조금속제품,프리케스트콘크리트,도시환경시설물,조형물,경관조형물 제조",2024-05-22,2027-05-21,재확인,2026-02-28
경기도 성남시,(주)피씨엔씨,김**,혁신성장유형,정보처리S/W,응용 소프트웨어 개발 및 공급업,"소프트웨어(독서, LMS, 진로진단 등)",2024-04-21,2027-04-20,재확인,2026-02-28
경기도 성남시,주식회사 아이원바이오,"김**,정**",연구개발유형,기타,"그 외 기타 분류 안된 전문, 과학 및 기술 서비스업","코로나진단시약,구강암진단키트.유전자검사,3D구강스캐너",2024-05-23,2027-05-22,재확인,2026-02-28
경기도 성남시,주식회사 써드웍스,김**,벤처투자유형,정보처리S/W,응용 소프트웨어 개발 및 공급업,무역플랫폼,2024-04-17,2027-04-16,신규,2026-02-28
경기도 성남시,주식회사 유니케어코리아,황**,혁신성장유형,정보처리S/W,응용 소프트웨어 개발 및 공급업,PTT디바이스 및 소프트웨어,2024-04-29,2027-04-28,신규,2026-02-28
경기도 성남시,주식회사 아이즈엔터테인먼트,남**,벤처투자유형,정보처리S/W,응용 소프트웨어 개발 및 공급업,게임소프트웨어 개발 외,2024-04-16,2027-04-15,신규,2026-02-28
경기도 성남시,(주)힘난다,허**,벤처투자유형,제조업,그 외 기타 식료품 제조업,"햄버거,주스,샐러드",2024-03-12,2027-03-11,재확인,2026-02-28
경기도 성남시,주식회사 피에스엠,이**,벤처투자유형,제조업,그 외 기타 특수목적용 기계 제조업,"플리즈마 세정장비,대기업플라즈마침모듈외",2024-05-19,2027-05-18,재확인,2026-02-28
경기도 성남시,주식회사 퍼즐원스튜디오,이**,혁신성장유형,정보처리S/W,모바일 게임 소프트웨어 개발 및 공급업,모바일게임 어플리케이션,2024-04-29,2027-04-28,재확인,2026-02-28
경기도 성남시,주식회사 투네이션,추**,벤처투자유형,정보처리S/W,응용 소프트웨어 개발 및 공급업,투네이션,2024-03-28,2027-03-27,재확인,2026-02-28
경기도 성남시,주식회사 모모그룹,윤**,벤처투자유형,도소매업,애완용 동물 및 관련용품 소매업,반려동물 및 반려인 관련 용품,2024-04-14,2027-04-13,재확인,2026-02-28
경기도 성남시,주식회사 큐이미징,조**,혁신성장유형,제조업,기타 광학기기 및 사진기 제조업,"카메라+렌즈+조명 시스템, 레이저 가공 장치",2024-12-11,2027-12-10,신규,2026-02-28
경기도 성남시,주식회사 에이티센스,정**,벤처투자유형,제조업,그 외 기타 의료용 기기 제조업, 심전도측정기기,2024-03-20,2027-03-19,재확인,2026-02-28
경기도 성남시,주식회사 우진이엔지,한**,혁신성장유형,건설운수,건물용 기계 및 장비 설치 공사업,환경기계장비,2024-05-22,2027-05-21,재확인,2026-02-28
경기도 성남시,㈜와이즈랩,고**,혁신성장유형,정보처리S/W,컴퓨터 프로그래밍 서비스업,소프트웨어 개발 및 공급,2024-04-20,2027-04-19,재확인,2026-02-28
경기도 성남시,(주)우보재난시스템,장**,혁신성장유형,제조업,"물질 검사, 측정 및 분석기구 제조업","재난시스템장비(동보장치,조기경보시스템,침수차단),컴퓨터,기상,안내,교통 전광판,주차관제장치,유무선통신기기,영상감시장치,CCTV 제조/정보통신공사/부동산",2024-05-25,2027-05-24,재확인,2026-02-28
경기도 성남시,주식회사 스카이랩스,이**,벤처투자유형,연구개발서비스,전기ㆍ전자공학 연구개발업,의료용 웨어러블 디바이스 및 서비스,2024-05-11,2027-05-10,재확인,2026-02-28
경기도 성남시,(주)쎄이엠,최**,혁신성장유형,제조업,그 외 기타 달리 분류되지 않은 제품 제조업,"SCNT 검진기, 톨레스 제품",2024-04-29,2027-04-28,재확인,2026-02-28
경기도 성남시,이니그마 주식회사,임**,연구개발유형,정보처리S/W,컴퓨터시스템 통합 자문 및 구축 서비스업,"message,IoT,EIS",2024-06-01,2027-05-31,재확인,2026-02-28
경기도 성남시,주식회사 지우정보기술,박**,연구개발유형,제조업,유선 통신장비 제조업,통신기기,2024-05-08,2027-05-07,재확인,2026-02-28
경기도 성남시,㈜에스티글로벌,홍**,혁신성장유형,제조업,반도체 제조용 기계 제조업,반도체장비,2024-05-23,2027-05-22,재확인,2026-02-28
경기도 성남시,주식회사 랩피스,한**,연구개발유형,정보처리S/W,컴퓨터 프로그래밍 서비스업,"유동인구분석시스템,얼굴인식솔루션",2024-04-25,2027-04-24,재확인,2026-02-28
경기도 성남시,(주)트루본,임**,혁신성장유형,정보처리S/W,컴퓨터시스템 통합 자문 및 구축 서비스업,경영관리소프트웨어,2024-06-03,2027-06-02,재확인,2026-02-28
경기도 성남시,(주)4링크스,김**,연구개발유형,제조업,비메모리용 및 기타 전자집적회로 제조업,반도체설계,2024-04-14,2027-04-13,재확인,2026-02-28
경기도 성남시,주식회사 맘스테이,이**,혁신성장유형,정보처리S/W,데이터베이스 및 온라인정보 제공업,장기 숙박 예약 플랫폼 개발,2024-05-08,2027-05-07,신규,2026-02-28
경기도 성남시,쥬베뉴 주식회사,김**,혁신성장유형,제조업,그 외 기타 의료용 기기 제조업,경막외 풍선 카테터,2024-03-08,2027-03-07,재확인,2026-02-28
경기도 성남시,㈜포도,권**,혁신성장유형,정보처리S/W,컴퓨터 프로그래밍 서비스업,"GIS시스템, 공공분야 SI, Mobility 자율주행, 솔루션&컨설팅",2024-05-08,2027-05-07,재확인,2026-02-28
경기도 성남시,(주)올로스코프,김**,혁신성장유형,제조업,그 외 기타 의료용 기기 제조업,체외진단 의료기기,2024-07-30,2027-07-29,신규,2026-02-28
경기도 성남시,(주)위펀인터렉티브,김**,연구개발유형,정보처리S/W,기타 게임 소프트웨어 개발 및 공급업,위펀스포츠게임컨텐츠,2024-07-10,2027-07-09,신규,2026-02-28
경기도 성남시,㈜신영에어텍,김**,혁신성장유형,제조업,가정용 및 산업용 공기 조화장치 제조업,공기살균정화기,2024-04-28,2027-04-27,재확인,2026-02-28
경기도 성남시,주식회사 인공지능연구원,김**,연구개발유형,연구개발서비스,전기ㆍ전자공학 연구개발업,인공지능 솔루션,2024-06-05,2027-06-04,재확인,2026-02-28
경기도 성남시,아티움그룹 주식회사,정**,혁신성장유형,정보처리S/W,시스템 소프트웨어 개발 및 공급업,AI 가상 아이돌,2024-05-29,2027-05-28,신규,2026-02-28
경기도 성남시,주식회사 리스틀리,최**,벤처투자유형,정보처리S/W,데이터베이스 및 온라인정보 제공업,스마트한 웹 데이터 통합 솔루션,2024-05-23,2027-05-22,재확인,2026-02-28
경기도 성남시,포톤데이즈(주),안**,연구개발유형,제조업,반도체 제조용 기계 제조업,광반도체 패키징 및 테스트장비,2024-04-21,2027-04-20,재확인,2026-02-28
경기도 성남시,주식회사 고고런(GOGORUN),한**,혁신성장유형,제조업,기타 운동 및 경기용구 제조업,"런닝머신, 사이클 등",2024-05-20,2027-05-19,재확인,2026-02-28
경기도 성남시,㈜엔케이맥스,박**,연구개발유형,제조업,그 외 기타 의료용품 및 의약 관련제품 제조업,NK Vue Kit(면역진단키트),2024-05-07,2027-05-06,재확인,2026-02-28
경기도 성남시,주식회사 샌디플로어,이**,벤처투자유형,정보처리S/W,유선 온라인 게임 소프트웨어 개발 및 공급업,GREAT TOY SHOWDOWN,2024-07-16,2027-07-15,신규,2026-02-28
경기도 성남시,(주)아침소프트,김**,혁신성장유형,정보처리S/W,응용 소프트웨어 개발 및 공급업,응용 소프트웨어 개발 및 공급업,2024-05-11,2027-05-10,재확인,2026-02-28
경기도 성남시,(주)코스텍시스템,김**,연구개발유형,제조업,그 외 기타 전기장비 제조업,교통신호제어기,2024-06-03,2027-06-02,재확인,2026-02-28
경기도 성남시,㈜아이플라이,옥**,혁신성장유형,제조업,그 외 기타 전자부품 제조업,pcb assy,2024-05-28,2027-05-27,재확인,2026-02-28
경기도 성남시,주식회사 쿼드메디슨,백**,벤처투자유형,연구개발서비스,의학 및 약학 연구개발업,"의학,약학,전기전자공학 연구개발/생물학적제제,의료기기 제조/전자회로,시작품 설계",2024-05-07,2027-05-06,재확인,2026-02-28
경기도 성남시,주식회사 투비스마트,김**,혁신성장유형,제조업,컴퓨터 제조업,"컴퓨터,무인매장관리프로그램,보안프로그램,키오스크 제조/전자상거래/문자 발송",2024-06-08,2027-06-07,재확인,2026-02-28
경기도 성남시,포도테라퓨틱스 주식회사,홍**,연구개발유형,연구개발서비스,의학 및 약학 연구개발업,오가노이드 기반 정밀의료 및 동반진단기술,2024-05-22,2027-05-21,신규,2026-02-28
경기도 성남시,주식회사현대제이콤,박**,혁신성장유형,제조업,방송장비 제조업,전술통신장비 외,2024-05-28,2027-05-27,재확인,2026-02-28
경기도 성남시,주식회사 시그젠구루,김**,벤처투자유형,제조업,기타 무선 통신장비 제조업,"무선통신장비,유선통신장비 제조/통신,방송장비,부품 도소매/응용소프트웨어 개발,공급/무선통신하드웨어 연구개발",2024-05-13,2027-05-12,신규,2026-02-28
경기도 성남시,주식회사 앤씨앤,최**,연구개발유형,제조업,기타 반도체소자 제조업,"차량용 블랙박스,영상처리용 시스템반도체 제조",2024-04-25,2027-04-24,재확인,2026-02-28
경기도 성남시,잼투인 주식회사,박**,연구개발유형,정보처리S/W,시스템 소프트웨어 개발 및 공급업,ARCUS,2024-06-08,2027-06-07,재확인,2026-02-28
경기도 성남시,주식회사 커넥트플로우,오**,혁신성장유형,정보처리S/W,시스템 소프트웨어 개발 및 공급업,소프트웨어 개발,2024-06-05,2027-06-04,신규,2026-02-28
경기도 성남시,알에프코어 주식회사,전**,연구개발유형,제조업,기타 무선 통신장비 제조업,"전력증폭기, RF Module",2024-05-24,2027-05-23,재확인,2026-02-28
경기도 성남시,와이에스티 주식회사,전**,혁신성장유형,제조업,유선 통신장비 제조업,"CMTS, SDV, Modem, STB, VR콘텐츠 제작",2024-06-03,2027-06-02,재확인,2026-02-28
경기도 성남시,(주)아세테크,박**,혁신성장유형,정보처리S/W,시스템 소프트웨어 개발 및 공급업,소프트웨어개발공급 ,2024-05-21,2027-05-20,재확인,2026-02-28
경기도 성남시,노딕기술㈜,유**,혁신성장유형,건설운수,기타 토목시설물 건설업,상하수도설비공사업,2024-04-30,2027-04-29,재확인,2026-02-28
경기도 성남시,㈜알앤비소프트,강**,혁신성장유형,정보처리S/W,응용 소프트웨어 개발 및 공급업,소프트웨어 ,2024-05-11,2027-05-10,재확인,2026-02-28
경기도 성남시,주식회사 위제이,박**,혁신성장유형,정보처리S/W,응용 소프트웨어 개발 및 공급업,기업 탄소중립을 위한 재생에너지 PPA 솔루션 zurigo,2024-09-30,2027-09-29,신규,2026-02-28
경기도 성남시,㈜위즈네트,이**,연구개발유형,제조업,메모리용 전자집적회로 제조업,칩.모듈 개발제조,2024-06-18,2027-06-17,재확인,2026-02-28
경기도 성남시,주식회사 포그리트,박**,연구개발유형,정보처리S/W,컴퓨터시스템 통합 자문 및 구축 서비스업,UX자동분석도구 ,2024-05-16,2027-05-15,재확인,2026-02-28
경기도 성남시,(주)스타키움,이**,혁신성장유형,도소매업,전자상거래 소매 중개업,위치정보기반 입찰시스템 및 견적작성 자재발주 시스템,2024-05-06,2027-05-05,재확인,2026-02-28
경기도 성남시,주식회사 팜360닷에이아이,R**,혁신성장유형,제조업,가정용 및 산업용 공기 조화장치 제조업,"공조기, 환기시스템, 냉난방기기",2024-06-25,2027-06-24,신규,2026-02-28
경기도 성남시,㈜엠에스바이오,김**,연구개발유형,제조업,그 외 기타 의료용 기기 제조업,생명과학관련제품,2024-06-11,2027-06-10,재확인,2026-02-28
경기도 성남시,주식회사 아이브랩,"서**,김**",연구개발유형,정보처리S/W,컴퓨터 프로그래밍 서비스업,"IoT플랫폼,모바일소프트웨어개발,AI 플랫폼 및 서비스",2024-05-14,2027-05-13,재확인,2026-02-28
경기도 성남시,(주)가온칩스,정**,혁신성장유형,제조업,비메모리용 및 기타 전자집적회로 제조업,"설계 솔루션,주문형 반도체  제조",2024-06-19,2027-06-18,재확인,2026-02-28
경기도 성남시,마이크로엑츄에이터 주식회사,임**,벤처투자유형,제조업,방송장비 제조업,"CCTV렌즈, 카메라부품",2024-05-16,2027-05-15,재확인,2026-02-28
경기도 성남시,(주) 에어패킹,임**,혁신성장유형,제조업,"플라스틱 포대, 봉투 및 유사제품 제조업",에어완충재,2024-06-05,2027-06-04,신규,2026-02-28
경기도 성남시,주식회사 드림티엔에스,박**,연구개발유형,정보처리S/W,기타 정보기술 및 컴퓨터운영 관련 서비스업,"데이터처리,정밀위성수신측량장비,무역업,소프트웨어개발",2024-09-03,2027-09-02,재확인,2026-02-28
경기도 성남시,(주)사랑과선행,이**,혁신성장유형,제조업,기타 식사용 가공처리 조리식품 제조업,"도시락류,기타 식사용 가공처리 조리식품 제조",2024-08-21,2027-08-20,재확인,2026-02-28
경기도 성남시,주식회사 마이아이비,박**,혁신성장유형,정보처리S/W,컴퓨터 프로그래밍 서비스업,기부플랫폼 서비스 ,2024-05-21,2027-05-20,신규,2026-02-28
경기도 성남시,주식회사 레이,이**,연구개발유형,제조업,치과용 기기 제조업,디지털 진단시스템 및 디지털 치료솔루션,2024-05-26,2027-05-25,재확인,2026-02-28
경기도 성남시,주식회사 디엔에스코리아,김**,혁신성장유형,제조업,배전반 및 전기 자동제어반 제조업,"변압기 안전 모니터링 시스템, 풍력발전기 다중시각화 진단 시스템 ",2024-04-29,2027-04-28,재확인,2026-02-28
경기도 성남시,아람휴비스㈜,박**,연구개발유형,제조업,기타 광학기기 및 사진기 제조업,피부및모발진단기,2024-05-13,2027-05-12,재확인,2026-02-28
경기도 성남시,(주)아이디오스,박**,혁신성장유형,제조업,그 외 기타 특수목적용 기계 제조업,대테러 장비,2024-08-13,2027-08-12,신규,2026-02-28
경기도 성남시,주식회사 에쓰브릿지,전**,혁신성장유형,제조업,전자감지장치 제조업,스마트 건강 밴드,2024-06-23,2027-06-22,재확인,2026-02-28
경기도 성남시,㈜테람스,최**,혁신성장유형,제조업,그 외 기타 의료용품 및 의약 관련제품 제조업,의료기기(EG-Q Special/EG-Q Bond N),2024-06-02,2027-06-01,재확인,2026-02-28
경기도 성남시,주식회사 미래웰푸드,정**,혁신성장유형,제조업,그 외 기타 식료품 제조업,"식품 제조,가공/식육포장처리",2024-05-20,2027-05-19,재확인,2026-02-28
경기도 성남시,㈜메디에이지,이**,벤처투자유형,정보처리S/W,응용 소프트웨어 개발 및 공급업,생체나이정보분석,2024-06-16,2027-06-15,재확인,2026-02-28
경기도 성남시,주식회사 애니펜,전**,벤처투자유형,정보처리S/W,응용 소프트웨어 개발 및 공급업,소프트웨어,2024-06-22,2027-06-21,재확인,2026-02-28
경기도 성남시,㈜오스코텍,"김**,윤**",연구개발유형,제조업,그 외 기타 의료용품 및 의약 관련제품 제조업,골조직대체재료,2024-06-21,2027-06-20,재확인,2026-02-28
경기도 성남시,테크밸리㈜,김**,혁신성장유형,제조업,방사선 장치 제조업,산업용 엑스레이 검사설비,2024-06-04,2027-06-03,재확인,2026-02-28
경기도 성남시,(주)엔조이소프트,조**,연구개발유형,정보처리S/W,응용 소프트웨어 개발 및 공급업,무인매장 관리 솔루션 및 키오스크,2024-04-21,2027-04-20,재확인,2026-02-28
경기도 성남시,주식회사 플라워메디칼,고**,벤처투자유형,연구개발서비스,의학 및 약학 연구개발업,의료기구,2024-04-25,2027-04-24,재확인,2026-02-28
경기도 성남시,㈜아이브릭스,채**,연구개발유형,정보처리S/W,시스템 소프트웨어 개발 및 공급업,소프트웨어,2024-10-23,2027-10-22,재확인,2026-02-28
경기도 성남시,㈜가보테크,김**,혁신성장유형,제조업,배전반 및 전기 자동제어반 제조업,"자동점멸기, 분전함, 통신장비외",2024-06-16,2027-06-15,재확인,2026-02-28
경기도 성남시,유엔젤주식회사,유**,혁신성장유형,정보처리S/W,응용 소프트웨어 개발 및 공급업,"소프트웨어(무선인터넷솔루션,ASP통신사업자용지능망솔루션,단문메세지센터) 개발,공급",2024-06-14,2027-06-13,재확인,2026-02-28
경기도 성남시,지멕스,유**,연구개발유형,제조업,기타 전기 변환장치 제조업,특고전압 발생 전원장치,2024-04-24,2027-04-23,재확인,2026-02-28
경기도 성남시,주식회사 모비루스,"조**,강**",혁신성장유형,정보처리S/W,응용 소프트웨어 개발 및 공급업,자동차 전장용 소프트웨어,2024-08-07,2027-08-06,재확인,2026-02-28
경기도 성남시,(주)알음에이이,서**,혁신성장유형,기타,"영화, 비디오물 및 방송프로그램 제작 관련 서비스업","미디어콘텐츠창작업,컴퓨터 시스템 통합 자문 및 구축 서비스업,컴퓨터 프로그래밍 서비스업,데이터베이스 및 온라인 정보 제공업,광고물 문안, 도안, 설계 등",2024-06-12,2027-06-11,신규,2026-02-28
경기도 성남시,주식회사 베이리스,김**,혁신성장유형,정보처리S/W,응용 소프트웨어 개발 및 공급업,"소프트웨어 개발/전자기기 제조,도소매/연구개발",2024-05-09,2027-05-08,재확인,2026-02-28
경기도 성남시,주식회사 스퀘어노트,지**,혁신성장유형,기타,그 외 기타 광고 관련 서비스업,"광고,마케팅 대행/전자상거래",2024-06-18,2027-06-17,재확인,2026-02-28
경기도 성남시,주식회사 에스투더블유(S2W INC.),서**,벤처투자유형,정보처리S/W,응용 소프트웨어 개발 및 공급업,"소프트웨어 개발,공급/비주거용 건물 임대/자연과학 연구개발",2024-05-23,2027-05-22,재확인,2026-02-28
경기도 성남시,주식회사 한국감염관리본부,"김**,전**",혁신성장유형,기타,"소독, 구충 및 방제 서비스업","감염관리 서비스, 무독성 살균소독제",2024-06-02,2027-06-01,재확인,2026-02-28
경기도 성남시,주식회사 새빌,신**,혁신성장유형,제조업,기타 무선 통신장비 제조업,재생에너지 모니터링 장치,2024-08-22,2027-08-21,신규,2026-02-28
경기도 성남시,주식회사 나인씨엔에프,이**,혁신성장유형,도소매업,기타 화학물질 및 화학제품 도매업,화학물질 및 화학제품 도소매업,2024-06-19,2027-06-18,신규,2026-02-28
경기도 성남시,주식회사 인티게이트,이**,연구개발유형,제조업,유선 통신장비 제조업,QoS Switch 외,2024-06-18,2027-06-17,재확인,2026-02-28
경기도 성남시,주식회사 리트빅 (litbig Inc.),이**,혁신성장유형,정보처리S/W,응용 소프트웨어 개발 및 공급업,소프트웨어 개발,2024-05-29,2027-05-28,재확인,2026-02-28
경기도 성남시,(주) 싸이너스,이**,연구개발유형,제조업,그 외 기타 의료용 기기 제조업,CR,2024-06-01,2027-05-31,재확인,2026-02-28
경기도 성남시,뉴패스바이오 주식회사,김**,벤처투자유형,연구개발서비스,의학 및 약학 연구개발업,신약개발연구,2024-05-28,2027-05-27,신규,2026-02-28
경기도 성남시,(주)세이렌어쿠스틱스,김**,혁신성장유형,정보처리S/W,시스템 소프트웨어 개발 및 공급업,층간소음저감장치,2024-05-13,2027-05-12,재확인,2026-02-28
경기도 성남시,주식회사 슈프리마,"김**,이**",연구개발유형,제조업,유선 통신장비 제조업,"통합보안 시스템(출입보안등), 바이오인식솔루션(지문인식), 설치 등",2024-06-21,2027-06-20,재확인,2026-02-28
경기도 성남시,주식회사 디텍,김**,연구개발유형,제조업,방송장비 제조업,"차량용블랙박스,영상관련기기,CCTV,교통정보전광판 제조,수출입/정보통신공사,시스템 통합",2024-08-27,2027-08-26,재확인,2026-02-28
경기도 성남시,주식회사 엠셀,지**,연구개발유형,제조업,그 외 기타 전자부품 제조업,스마트섬유,2024-07-31,2027-07-30,재확인,2026-02-28
경기도 성남시,(주)엘다임,김**,혁신성장유형,정보처리S/W,시스템 소프트웨어 개발 및 공급업,"소프트웨어 개발,공급/출입기기장치 제조,도매/영상감시장치,CCTV 제조/일산통신공사,내부통신배선공사",2024-06-08,2027-06-07,재확인,2026-02-28
경기도 성남시,㈜에이치씨엔씨,이**,혁신성장유형,정보처리S/W,응용 소프트웨어 개발 및 공급업,"로봇자동화, 스마트공장, 자동화설비, MES, 응용소프트웨어개발 등",2024-07-06,2027-07-05,재확인,2026-02-28
경기도 성남시,주식회사 홍익과학기술,이**,혁신성장유형,정보처리S/W,컴퓨터 프로그래밍 서비스업,"소프트웨어 개발, 인프라 운영, 클라우드 서비스",2024-06-16,2027-06-15,재확인,2026-02-28
경기도 성남시,㈜에이샛,송**,벤처투자유형,제조업,기타 무선 통신장비 제조업,위성통신 장비,2024-06-26,2027-06-25,재확인,2026-02-28
경기도 성남시,㈜대종에이오피,박**,혁신성장유형,제조업,기체 여과기 제조업,살균장치,2025-07-08,2028-07-07,재확인,2026-02-28
경기도 성남시,주식회사 올디너리매직,허**,혁신성장유형,제조업,인형 및 장난감 제조업,영유아를 위한 교구,2024-05-13,2027-05-12,재확인,2026-02-28
경기도 성남시,주식회사 에스엔티웍스,김**,혁신성장유형,정보처리S/W,컴퓨터 프로그래밍 서비스업,보안 연구 용역 서비스,2024-05-28,2027-05-27,재확인,2026-02-28
경기도 성남시,㈜지에스아이엘,이**,벤처투자유형,정보처리S/W,응용 소프트웨어 개발 및 공급업,스마트 건설 안전관리 시스템 ,2024-06-20,2027-06-19,재확인,2026-02-28
경기도 성남시,(주)케어사이드,유**,혁신성장유형,제조업,동물용 의약품 제조업,"동물용 의약품,백신,의료기기,보조사료 개발,생산/동물용의약품 임상,비임상시험/동물병성감정",2024-06-24,2027-06-23,재확인,2026-02-28
경기도 성남시,(주)비에프바이오,장**,혁신성장유형,제조업,그 외 기타 의료용 기기 제조업,조직수복용생체재료(필러),2024-05-08,2027-05-07,재확인,2026-02-28
경기도 성남시,주식회사 한국전시,좌**,혁신성장유형,기타,"전시, 컨벤션 및 행사 대행업",전시 대행업,2024-10-15,2027-10-14,신규,2026-02-28
경기도 성남시,주식회사 비아이케이테라퓨틱스,김**,벤처투자유형,연구개발서비스,"물리, 화학 및 생물학 연구개발업",방사성의약품 등,2024-04-26,2027-04-25,재확인,2026-02-28
경기도 성남시,(주)씨앤유글로벌,"임**,김**",연구개발유형,제조업,유선 통신장비 제조업,"유선통신장치,무선통신방송,응용장치 제조",2024-07-11,2027-07-10,재확인,2026-02-28
경기도 성남시,주식회사 오에스정보통신,김**,연구개발유형,건설운수,일반 통신 공사업,통합배선반 주파수분할다중화장치 동보장치,2024-04-14,2027-04-13,재확인,2026-02-28
경기도 성남시,주식회사 에이드,방**,혁신성장유형,정보처리S/W,응용 소프트웨어 개발 및 공급업,저작권 정산분배 솔루션 외,2024-06-30,2027-06-29,재확인,2026-02-28
경기도 성남시,하이밸류컨설팅(주),박**,혁신성장유형,정보처리S/W,응용 소프트웨어 개발 및 공급업,"소프트웨어　자문, 개발　및　공급업,상품중개업,컴퓨터시스템　설계　및　자문업,자료처리　및　데이터베이스업,전사적　자원관리시스템　등의　정보시스템　솔",2024-07-12,2027-07-11,재확인,2026-02-28
경기도 성남시,공간정보기술㈜,박**,혁신성장유형,기타,측량업,"수치지도, 소프트웨어외",2024-07-12,2027-07-11,재확인,2026-02-28
경기도 성남시,주식회사 아몬드,나**,혁신성장유형,정보처리S/W,그 외 기타 정보 서비스업,소프트웨어 개발,2025-06-24,2028-06-23,신규,2026-02-28
경기도 성남시,㈜세계과학,김**,혁신성장유형,제조업,그 외 기타 달리 분류되지 않은 제품 제조업,"교육장비, 물리실험장비, 계측기",2024-06-20,2027-06-19,재확인,2026-02-28
경기도 성남시,㈜티엔에프에이아이,이**,연구개발유형,정보처리S/W,그 외 기타 정보 서비스업,아동정서행동관찰시스템 아이그림p9,2024-07-10,2027-07-09,재확인,2026-02-28
경기도 성남시,주식회사 앤유,김**,벤처투자유형,정보처리S/W,유선 온라인 게임 소프트웨어 개발 및 공급업,"PC, 모바일 게임",2024-05-17,2027-05-16,재확인,2026-02-28
경기도 성남시,"(주)커넥토(CONNECTO Co.,Ltd.)",김**,벤처투자유형,정보처리S/W,그 외 기타 정보 서비스업,인디언밥(http://indianbob.me),2024-06-11,2027-06-10,신규,2026-02-28
경기도 성남시,(주)디지털워치독,권**,혁신성장유형,정보처리S/W,컴퓨터 프로그래밍 서비스업,인공지능 클라우드 모니터링 솔루션 (소프트웨어),2024-06-16,2027-06-15,재확인,2026-02-28
경기도 성남시,주식회사 리스큐어바이오사이언시스,진**,벤처투자유형,연구개발서비스,의학 및 약학 연구개발업,미생물 기반 의약품,2024-06-27,2027-06-26,재확인,2026-02-28
경기도 성남시,(주)라이브몰로,양**,연구개발유형,정보처리S/W,응용 소프트웨어 개발 및 공급업,스트리밍서비스,2024-07-17,2027-07-16,재확인,2026-02-28
경기도 성남시,㈜온더아이티,이**,연구개발유형,정보처리S/W,응용 소프트웨어 개발 및 공급업,지식기반의 협업 솔루션(BizRunner),2024-06-03,2027-06-02,재확인,2026-02-28
경기도 성남시,주식회사 프로엔테라퓨틱스,이**,벤처투자유형,연구개발서비스,의학 및 약학 연구개발업,의약품개발,2024-06-10,2027-06-09,재확인,2026-02-28
경기도 성남시,주식회사 에스시스템즈,이**,벤처투자유형,도소매업,통신.방송장비 및 부품 도매업,방송장비,2024-06-11,2027-06-10,신규,2026-02-28
경기도 성남시,주식회사 큐랩,이**,혁신성장유형,정보처리S/W,컴퓨터 프로그래밍 서비스업,"소프트웨어자문,개발및공급,기계 제조업,멀티미디어 장치 제조업,온라인정보제공업,학술연구용역",2024-07-07,2027-07-06,재확인,2026-02-28
경기도 성남시,(주)태산솔루젼스,이**,연구개발유형,연구개발서비스,기타 공학 연구개발업,"디지털 전환(디지털 트윈), 3D SCAN 및 모형제작, 자동차 시트 외",2024-06-10,2027-06-09,재확인,2026-02-28
경기도 성남시,(주)티아이스퀘어,이**,연구개발유형,정보처리S/W,응용 소프트웨어 개발 및 공급업,"음성,영상솔루션(모바일, CCTV 외), 지능망 IP 시스템",2024-07-21,2027-07-20,재확인,2026-02-28
경기도 성남시,나시스(주),양**,연구개발유형,제조업,방송장비 제조업,"방송통신기기,유선 통신장비 제조업,기타 무선 통신장비 제조업,정보통신공사업,전기,전자부품및컴퓨터주변기기,기타무역,전자상거래 소매업,기타 통신 판매업",2024-07-21,2027-07-20,재확인,2026-02-28
경기도 성남시,주식회사 에바센트,안**,혁신성장유형,제조업,표면광택제 및 실내가향제 제조업,"향수방향제,방향유,화장품 제조/가정용품 임대/향수방향제,화장품,기기 도소매,전자상거래/디자인,향수 교육",2024-06-29,2027-06-28,재확인,2026-02-28
경기도 성남시,주식회사 메디픽바이오 (MEDIFIC Bio Inc.),유**,벤처투자유형,연구개발서비스,의학 및 약학 연구개발업,항암제,2024-04-28,2027-04-27,재확인,2026-02-28
경기도 성남시,주식회사 도요테크놀러지,서**,혁신성장유형,제조업,그 외 기타 특수목적용 기계 제조업,불꽃감지기,2024-05-23,2027-05-22,재확인,2026-02-28
경기도 성남시,인빅 주식회사,지**,혁신성장유형,제조업,유선 통신장비 제조업,AI GPU SERVER,2024-07-07,2027-07-06,재확인,2026-02-28
경기도 성남시,주식회사 큐픽스,B**,벤처투자유형,정보처리S/W,응용 소프트웨어 개발 및 공급업,응용소프트웨어개발,2024-06-20,2027-06-19,재확인,2026-02-28
경기도 성남시,주식회사 아샤그룹,이**,벤처투자유형,제조업,화장품 제조업,"화장품및잡화,비알콜음료,과자(젤리)",2024-05-25,2027-05-24,재확인,2026-02-28
경기도 성남시,주식회사 디투이노베이션,안**,혁신성장유형,정보처리S/W,컴퓨터 프로그래밍 서비스업,GoonInMap ,2024-07-28,2027-07-27,재확인,2026-02-28
경기도 성남시,(주)파오,송**,혁신성장유형,제조업,기체 여과기 제조업,오존처리설비,2024-10-08,2027-10-07,재확인,2026-02-28
경기도 성남시,㈜아이와나테크,김**,혁신성장유형,제조업,가정용 및 산업용 공기 조화장치 제조업,공기청정기,2024-07-28,2027-07-27,재확인,2026-02-28
경기도 성남시,주식회사 엑시온,전**,혁신성장유형,정보처리S/W,시스템 소프트웨어 개발 및 공급업,"시스템 소프트웨어 개발 및 공급업,전자상거래 소매업,컴퓨터 시스템 통합 자문 및 구축 서비스업",2024-10-30,2027-10-29,신규,2026-02-28
경기도 성남시,(주)인비고웍스,"신**,김**",벤처투자유형,정보처리S/W,응용 소프트웨어 개발 및 공급업,"소프트웨어 개발 및 공급업,데이터베이스 및 온라인 정보 제공업",2024-06-26,2027-06-25,신규,2026-02-28
경기도 성남시,(주)지니원시스템즈,조**,연구개발유형,정보처리S/W,시스템 소프트웨어 개발 및 공급업,"소프트웨어자문개발및공급,유무선통신장비,네트워크장비,정보통신시스템,연구개발및용역",2024-07-07,2027-07-06,재확인,2026-02-28
경기도 성남시,(주)넥스트칩,김**,벤처투자유형,제조업,비메모리용 및 기타 전자집적회로 제조업,"자동차카메라용비메모리반도체(ISP, AHD, ADAS SoC) 제조",2024-06-05,2027-06-04,재확인,2026-02-28
경기도 성남시,주식회사 코드빌,"신**,고**,김**",혁신성장유형,정보처리S/W,시스템 소프트웨어 개발 및 공급업,소프트웨어,2024-07-24,2027-07-23,재확인,2026-02-28
경기도 성남시,(주)모아데이타,한**,벤처투자유형,정보처리S/W,응용 소프트웨어 개발 및 공급업,인공지능 장애예측 솔루션(PETAON Forecaster),2024-07-28,2027-07-27,재확인,2026-02-28
경기도 성남시,주식회사 씨프로,이**,벤처투자유형,제조업,방송장비 제조업,CCTV CAMERA,2024-06-23,2027-06-22,재확인,2026-02-28
경기도 성남시,주식회사 사피엔스바이오,유**,연구개발유형,연구개발서비스,의학 및 약학 연구개발업,천연 및 합성 신약,2024-07-09,2027-07-08,재확인,2026-02-28
경기도 성남시,주식회사 펫팜,윤**,벤처투자유형,정보처리S/W,그 외 기타 정보 서비스업,동물약품 중개 플랫폼,2024-07-28,2027-07-27,재확인,2026-02-28
경기도 성남시,아침 주식회사,문**,혁신성장유형,제조업,기타 식사용 가공처리 조리식품 제조업,"알가공품, 식육가공품, 서류가공품",2024-07-17,2027-07-16,재확인,2026-02-28
경기도 성남시,주식회사 닥터스쿡,심**,혁신성장유형,제조업,그 외 기타 식료품 제조업,"식용곤충관련 식품제조, 레토르트영양식, 건강기능식품",2024-07-17,2027-07-16,신규,2026-02-28
경기도 성남시,주식회사 씨큐비스타,전**,혁신성장유형,정보처리S/W,기타 정보기술 및 컴퓨터운영 관련 서비스업,네트워크 보안,2024-07-31,2027-07-30,재확인,2026-02-28
경기도 성남시,(주)루미디아게임즈,이**,벤처투자유형,정보처리S/W,컴퓨터 프로그래밍 서비스업,소프트웨어,2024-06-09,2027-06-08,재확인,2026-02-28
경기도 성남시,플레이웍스 주식회사,김**,벤처투자유형,정보처리S/W,모바일 게임 소프트웨어 개발 및 공급업,모바일게임,2024-06-18,2027-06-17,재확인,2026-02-28
경기도 성남시,주식회사 에이셉코리아,정**,벤처투자유형,정보처리S/W,응용 소프트웨어 개발 및 공급업,소프트웨어,2024-07-03,2027-07-02,신규,2026-02-28
경기도 성남시,디스코주식회사,배**,벤처투자유형,정보처리S/W,포털 및 기타 인터넷 정보매개 서비스업,웹서비스 및 모바일서비스,2024-05-30,2027-05-29,재확인,2026-02-28
경기도 성남시,㈜인트론바이오테크놀로지,"윤**,윤**",연구개발유형,제조업,그 외 기타 분류 안된 화학제품 제조업,"단백질 신약, 박테리오파지 항생제 대체제, 분자진단키트, 유전자시약",2024-07-02,2027-07-01,재확인,2026-02-28
경기도 성남시,주식회사 쿠오핀,이**,벤처투자유형,제조업,그 외 기타 전기장비 제조업,"전기장비,전자,소프트웨어 제조/소프트웨어 개발",2024-06-03,2027-06-02,재확인,2026-02-28
경기도 성남시,오토엘 주식회사,이**,혁신성장유형,제조업,"레이더, 항행용 무선기기 및 측량기구 제조업","라이다 센서, 측량 및 검사 기기",2024-08-04,2027-08-03,재확인,2026-02-28
경기도 성남시,주식회사  더 오포,손**,혁신성장유형,제조업,기체 여과기 제조업,폐수처리장치 및 경사판 침전장치 등,2024-06-30,2027-06-29,재확인,2026-02-28
경기도 성남시,주식회사 비젼밸류,양**,혁신성장유형,정보처리S/W,응용 소프트웨어 개발 및 공급업,플랫폼 서비스,2024-07-31,2027-07-30,신규,2026-02-28
경기도 성남시,디앤알티 주식회사,"조**,김**",벤처투자유형,정보처리S/W,응용 소프트웨어 개발 및 공급업,IT지식정보서비스,2025-03-25,2028-03-24,신규,2026-02-28
경기도 성남시,주식회사 레오케어,손**,혁신성장유형,기타,무선 및 위성 통신업,위성통신서비스 재판매업,2025-06-17,2028-06-16,신규,2026-02-28
경기도 성남시,주식회사 코스모스메딕,김**,혁신성장유형,정보처리S/W,응용 소프트웨어 개발 및 공급업,"응급의료서비스및시스템개발및서비스,데이터기반분석,분류서비스,클라우드서비스업",2024-07-09,2027-07-08,신규,2026-02-28
경기도 성남시,주식회사 티에스엠테크놀로지,황**,혁신성장유형,정보처리S/W,시스템 소프트웨어 개발 및 공급업,"소프트웨어개발 및 공급,컴퓨터 제조업,통신장비,계측제어장치,신재생에너지설비공사,기계설비공사업,정보통신공사, 자동제어공사,전선,전기장치",2024-06-03,2027-06-02,재확인,2026-02-28
경기도 성남시,주식회사 성현이앤씨,김**,혁신성장유형,건설운수,제조업 및 유사 산업용 건물 건설업,"GMP, 바이오, HACCP, IT공장, CLEAN ROOM 시공, 소방시설 공사 등",2024-06-29,2027-06-28,재확인,2026-02-28
경기도 성남시,코아솔 주식회사,김**,연구개발유형,제조업,비메모리용 및 기타 전자집적회로 제조업,메모리 IP,2024-09-11,2027-09-10,재확인,2026-02-28
경기도 성남시,주식회사 비에이치월드(BH-WORLD),유**,혁신성장유형,연구개발서비스,"물리, 화학 및 생물학 연구개발업","면역기능성 화장품, 면역세포배양첨가물,면역기능성 식품",2024-07-09,2027-07-08,신규,2026-02-28
경기도 성남시,아이티인 주식회사,손**,혁신성장유형,제조업,교통 신호장치 제조업,"무인교통감시장치,CCTV,LED조명,조명기기,전광판,버스,차량번호안내장치 제조/전기통신공사,전기공사",2024-08-09,2027-08-08,재확인,2026-02-28
경기도 성남시,㈜휴바이오메드,정**,연구개발유형,제조업,그 외 기타 의료용 기기 제조업,"의료용지혈밸브장치, Dish외",2024-08-06,2027-08-05,재확인,2026-02-28
경기도 성남시,유한회사 뮤레파코리아,박**,연구개발유형,연구개발서비스,기타 인문 및 사회과학 연구개발업,경제데이터개발 및 판매,2024-08-11,2027-08-10,재확인,2026-02-28
경기도 성남시,주식회사 유모스원,라**,연구개발유형,제조업,"레이더, 항행용 무선기기 및 측량기구 제조업","차량관제용 단말기, 내비게이션 제조 및 차량관제솔루션 개발 외",2024-07-30,2027-07-29,재확인,2026-02-28
경기도 성남시,주식회사 크래프트맨,고**,혁신성장유형,제조업,"플라스틱 적층, 도포 및 기타 표면처리 제품 제조업","산업용필름,PE,PET,PVC,TPU 제품,자동차전장장비,임대",2024-08-07,2027-08-06,재확인,2026-02-28
경기도 성남시,주식회사 혜성테크윈,우**,혁신성장유형,제조업,유선 통신장비 제조업,"산업용 광다중화장치, 통합배선반, IoT 실시간 소방시설관리시스템 등",2024-08-01,2027-07-31,재확인,2026-02-28
경기도 성남시,주식회사 홀딩핸즈,김**,혁신성장유형,도소매업,그 외 기타 종합 소매업,프랜차이즈,2024-05-25,2027-05-24,재확인,2026-02-28
경기도 성남시,아름다운환경건설㈜,이**,혁신성장유형,기타,토양 및 지하수 정화업,토양 및 지하수 정화,2024-06-29,2027-06-28,재확인,2026-02-28
경기도 성남시,주식회사 세미파이브,조**,벤처투자유형,기타,기타 엔지니어링 서비스업,"OTS Platform, ASIC Design, IP",2024-08-08,2027-08-07,재확인,2026-02-28
경기도 성남시,(주)오케이바이오랩,옥**,혁신성장유형,연구개발서비스,"물리, 화학 및 생물학 연구개발업","물리, 화학 및 생물학 연구개발업,화장품 및 화장용품 도매업,화장품, 비누 및 방향제 소매업",2025-07-09,2028-07-08,재확인,2026-02-28
경기도 성남시,주식회사 서린브릿지텍,최**,혁신성장유형,기타,건물 및 토목 엔지니어링 서비스업,DCB거더/ 교량설계 및 구조검토,2024-08-11,2027-08-10,재확인,2026-02-28
경기도 성남시,㈜와이에스엠테크,윤**,혁신성장유형,제조업,그 외 기타 전자부품 제조업,전자 부품,2024-06-15,2027-06-14,재확인,2026-02-28
경기도 성남시,와인드와이어(주),윤**,혁신성장유형,제조업,신발 부분품 제조업,신발플라스틱부분품,2024-08-14,2027-08-13,재확인,2026-02-28
경기도 성남시,주식화사알브이티,김**,혁신성장유형,제조업,배전반 및 전기 자동제어반 제조업,배전반 및 전기자동 제어반 제조업,2024-08-13,2027-08-12,재확인,2026-02-28
경기도 성남시,(주)소프트피플코리아,강**,혁신성장유형,정보처리S/W,응용 소프트웨어 개발 및 공급업,"M365 구축 및 운영, M365 자사 솔루션 공급. AD 보안솔루션 공급, DPM/APM 공급, ITO",2024-07-23,2027-07-22,신규,2026-02-28
경기도 성남시,주식회사 액시언,김**,벤처투자유형,정보처리S/W,시스템 소프트웨어 개발 및 공급업,"액시언 CELL, 앤시언 DFM",2024-07-17,2027-07-16,신규,2026-02-28
경기도 성남시,(주) 지음지식서비스,"고**,이**",혁신성장유형,정보처리S/W,컴퓨터시스템 통합 자문 및 구축 서비스업,종합 IT 서비스,2024-07-23,2027-07-22,재확인,2026-02-28
경기도 성남시,주식회사 너하고,"전**,이**",혁신성장유형,정보처리S/W,응용 소프트웨어 개발 및 공급업,모바일 어플리케이션 서비스,2024-06-23,2027-06-22,재확인,2026-02-28
경기도 성남시,주식회사 유니스캔,이**,벤처투자유형,제조업,그 외 기타 일반목적용 기계 제조업,컨테이너검색기,2024-08-07,2027-08-06,재확인,2026-02-28
경기도 성남시,㈜성운파마코피아,정**,벤처투자유형,제조업,기초 의약 물질 제조업,"아토바스타틴, lola, 케라틴등",2024-06-20,2027-06-19,재확인,2026-02-28
경기도 성남시,주식회사 램쉽,고**,혁신성장유형,제조업,비메모리용 및 기타 전자집적회로 제조업,비메모리용 및 전자집적회로,2024-06-16,2027-06-15,재확인,2026-02-28
경기도 성남시,주식회사 먼저,이**,벤처투자유형,정보처리S/W,데이터베이스 및 온라인정보 제공업,자동차 부품 안심 구매 서비스,2024-08-18,2027-08-17,재확인,2026-02-28
경기도 성남시,㈜모비스,김**,벤처투자유형,정보처리S/W,시스템 소프트웨어 개발 및 공급업,소프트웨어 및 하드웨어개발,2024-07-21,2027-07-20,재확인,2026-02-28
경기도 성남시,주식회사 엘트라글로벌,맹**,연구개발유형,제조업,그 외 기타 의료용 기기 제조업,"레이저 의료기기 제조업,광학렌즈 및 광학요소 제조업,사진기, 영사기 및 관련장비 제조업, 기타 광학기기 제조업,수출,수입,전자상거래업,시스템소프트웨어개발",2024-07-13,2027-07-12,재확인,2026-02-28
경기도 성남시,(주)우정하이텍,김**,혁신성장유형,제조업,그 외 기타 전자부품 제조업,"터치센서, 습도센서, 수위센서,노크센서,메탈터치센서",2024-05-26,2027-05-25,재확인,2026-02-28
경기도 성남시,엡실론 주식회사,강**,혁신성장유형,제조업,기타 1차 비철금속 제조업,"전도성분말(전자파차폐 및 방열, 접합소재)",2025-02-04,2028-02-03,재확인,2026-02-28
경기도 성남시,주식회사 에이엠제이,민**,혁신성장유형,제조업,빵류 제조업,빵,2024-08-07,2027-08-06,신규,2026-02-28
경기도 성남시,주식회사 월드바이오텍,"박**,김**",연구개발유형,제조업,치과용 기기 제조업,"교정용브라켓,와이어",2024-08-24,2027-08-23,재확인,2026-02-28
경기도 성남시,"(주) 이투유(Easy To Use Co.,Ltd)","이**,조**",혁신성장유형,기타,그 외 기타 금융 지원 서비스업,전자금융결제대행 서비스 ,2024-08-25,2027-08-24,재확인,2026-02-28
경기도 성남시,주식회사 에이치엔디멀티랩,김**,혁신성장유형,제조업,"전자기 측정, 시험 및 분석기구 제조업","모터 성능시험기, 다이나모미터, 코깅토크시험기",2024-08-25,2027-08-24,재확인,2026-02-28
경기도 성남시,주식회사 실리콘큐브,임**,연구개발유형,연구개발서비스,전기ㆍ전자공학 연구개발업,"반도체부품개발, 설계,전자제품,무선통신방송및응용장치,방송송수신기및기타영상음향,정보통신공사업,전자부품,무역,정보처리및기타컴퓨터관련업",2024-07-04,2027-07-03,재확인,2026-02-28
경기도 성남시,㈜엑슨투,이**,혁신성장유형,정보처리S/W,컴퓨터시스템 통합 자문 및 구축 서비스업,SW 개발및 솔루션 ,2024-06-26,2027-06-25,재확인,2026-02-28
경기도 성남시,롱테일컴퍼니,전**,혁신성장유형,제조업,그 외 기타 고무제품 제조업,실리콘 주방용품 및 생활용품,2024-08-06,2027-08-05,신규,2026-02-28
경기도 성남시,㈜앤씨비아이티,김**,벤처투자유형,제조업,그 외 기타 의료용품 및 의약 관련제품 제조업,Aposcan kit 외,2024-06-03,2027-06-02,재확인,2026-02-28
경기도 성남시,주식회사 바른경영연구소,채**,혁신성장유형,기타,"그 외 기타 분류 안된 전문, 과학 및 기술 서비스업",지식재산권,2024-07-14,2027-07-13,재확인,2026-02-28
경기도 성남시,주식회사 규보시스템,김**,혁신성장유형,제조업,배전반 및 전기 자동제어반 제조업,배전반및자동감시제어반,2024-06-27,2027-06-26,재확인,2026-02-28
경기도 성남시,주식회사 엔본,박**,벤처투자유형,정보처리S/W,모바일 게임 소프트웨어 개발 및 공급업,모바일게임 개발 및 서비스,2024-06-02,2027-06-01,재확인,2026-02-28
경기도 성남시,주식회사 지아이롱제비티,양**,벤처투자유형,연구개발서비스,의학 및 약학 연구개발업,건강기능식품의 개발 및 제조,2024-08-22,2027-08-21,재확인,2026-02-28
경기도 성남시,한국전진기술(주),서**,혁신성장유형,제조업,배전반 및 전기 자동제어반 제조업,자동제어기기 제조 및 설치,2024-08-23,2027-08-22,재확인,2026-02-28
경기도 성남시,주식회사 알퍼스트,강**,혁신성장유형,도소매업,유리 및 창호 도매업,"금속구조물, 창고공사업",2024-10-30,2027-10-29,신규,2026-02-28
경기도 성남시,이에스이 주식회사,박**,혁신성장유형,정보처리S/W,컴퓨터 프로그래밍 서비스업,통합관제플랫폼,2024-08-31,2027-08-30,재확인,2026-02-28
경기도 성남시,주식회사 원컵,최**,벤처투자유형,정보처리S/W,응용 소프트웨어 개발 및 공급업,앱개발 및 앱서비스,2024-07-31,2027-07-30,신규,2026-02-28
경기도 성남시,주식회사 네오와이즈,신**,혁신성장유형,정보처리S/W,응용 소프트웨어 개발 및 공급업,응용소프트웨어,2024-10-10,2027-10-09,신규,2026-02-28
경기도 성남시,(주)베터리얼,유**,벤처투자유형,제조업,그 외 기타 분류 안된 화학제품 제조업,"이차전지용 분산액 소재,기능성 소재 제조업,전자 감지장치 제조업,공정장비 제조업,인공지능 시스템 소프트웨어 개발,연구개발업",2024-08-09,2027-08-08,재확인,2026-02-28
경기도 성남시,㈜아이앤나,이**,벤처투자유형,정보처리S/W,포털 및 기타 인터넷 정보매개 서비스업,아이보리 플랫폼,2024-07-04,2027-07-03,재확인,2026-02-28
경기도 성남시,㈜아이알엠,최**,벤처투자유형,정보처리S/W,시스템 소프트웨어 개발 및 공급업,의료관련소프트웨어 개발,2024-08-26,2027-08-25,재확인,2026-02-28
경기도 성남시,주식회사 크레켄,박**,혁신성장유형,도소매업,상품 종합 도매업,"방수커넥터,엔코더,진공피드스루 취급",2024-09-04,2027-09-03,신규,2026-02-28
경기도 성남시,주식회사 에이올코리아,김**,벤처투자유형,제조업,가정용 및 산업용 공기 조화장치 제조업,"공기조절장치, 화학신소재",2024-07-07,2027-07-06,재확인,2026-02-28
경기도 성남시,주식회사 미니맵,조**,벤처투자유형,정보처리S/W,응용 소프트웨어 개발 및 공급업,게임 평가/추천 플랫폼 미니맵,2024-06-30,2027-06-29,재확인,2026-02-28
경기도 성남시,주식회사 아이알티코리아,유**,혁신성장유형,제조업,그 외 기타 전자부품 제조업,불꽃감지기,2024-08-23,2027-08-22,재확인,2026-02-28
경기도 성남시,(주)마이키,김**,혁신성장유형,제조업,산업용 로봇 제조업,"산업용로봇 제조,판매",2024-09-06,2027-09-05,재확인,2026-02-28
경기도 성남시,시프트다이나믹스 주식회사,홍**,혁신성장유형,제조업,무인 항공기 및 무인 비행장치 제조업,드론,2024-08-06,2027-08-05,신규,2026-02-28
경기도 성남시,(주) 성인,김**,혁신성장유형,기타,비금속류 원료 재생업,폐유리가공처리,2024-07-21,2027-07-20,재확인,2026-02-28
경기도 성남시,(주)에이비씨랩스,박**,벤처투자유형,정보처리S/W,데이터베이스 및 온라인정보 제공업,농식품 스마트팩토리 토탈솔루션,2024-08-30,2027-08-29,재확인,2026-02-28
경기도 성남시,(주) 네오젠로직,"최**,조**",벤처투자유형,연구개발서비스,의학 및 약학 연구개발업,기타연구조사서비스,2024-08-22,2027-08-21,재확인,2026-02-28
경기도 성남시,주식회사 넥스미디어,이**,혁신성장유형,정보처리S/W,응용 소프트웨어 개발 및 공급업,"응용소프트웨어 개발,공급",2024-09-05,2027-09-04,재확인,2026-02-28
경기도 성남시,아이투주식회사,이**,혁신성장유형,제조업,산업용 로봇 제조업,산업용 로봇,2024-08-28,2027-08-27,신규,2026-02-28
경기도 성남시,주식회사 카페노노 (Cafenono Corp.),심**,벤처투자유형,정보처리S/W,포털 및 기타 인터넷 정보매개 서비스업,포털 및 기타 인터넷 정보 매개 서비스업,2024-06-16,2027-06-15,재확인,2026-02-28
경기도 성남시,(주)나비시스템,장**,혁신성장유형,제조업,그 외 기타 분류 안된 화학제품 제조업,"방수액,플라스틱창호,금속창호,창호공사,금속및플라스틱창호,비주거용 건물 임대업",2024-09-07,2027-09-06,재확인,2026-02-28
경기도 성남시,주식회사 노바칩스,김**,연구개발유형,제조업,메모리용 전자집적회로 제조업,SSD Controller,2024-09-11,2027-09-10,재확인,2026-02-28
경기도 성남시,"주식회사 제로넥스트머터리얼즈  (Zero Next Materials Co., Ltd.)","은**,류**",벤처투자유형,제조업,비내화 모르타르 제조업,건설용 몰탈 그라우트,2024-08-06,2027-08-05,신규,2026-02-28
경기도 성남시,주식회사동성아이텍,"이**,이**",혁신성장유형,정보처리S/W,응용 소프트웨어 개발 및 공급업,"소프트웨어 개발,공급",2024-09-02,2027-09-01,재확인,2026-02-28
경기도 성남시,주식회사 갤튼,김**,혁신성장유형,정보처리S/W,응용 소프트웨어 개발 및 공급업, VR 안전교육 시스템 (인지 데이터 분석시스템),2024-07-07,2027-07-06,재확인,2026-02-28
경기도 성남시,㈜넥스원바이오,이**,혁신성장유형,제조업,그 외 기타 의료용 기기 제조업,bone biopsy needle,2024-08-14,2027-08-13,재확인,2026-02-28
경기도 성남시,㈜자비스,김**,혁신성장유형,제조업,방사선 장치 제조업,자동엑스레이검사장비,2024-07-28,2027-07-27,재확인,2026-02-28
경기도 성남시,㈜아이지,김**,혁신성장유형,제조업,"기타 측정, 시험, 항해, 제어 및 정밀기기 제조업","스마트러닝팩토리, 스마트팩토리, 인공지능 방역로봇,  교육장비",2024-09-01,2027-08-31,재확인,2026-02-28
경기도 성남시,주식회사 굿엠,박**,벤처투자유형,제조업,그 외 기타 봉제의복 제조업,의류 제조,2024-08-14,2027-08-13,신규,2026-02-28
경기도 성남시,주식회사 큐빅스,강**,혁신성장유형,제조업,기타 구조용 금속제품 제조업,내면진용 교량받침 외 콤팩트형 디스크받침,2024-09-17,2027-09-16,재확인,2026-02-28
경기도 성남시,주식회사평화개발,박**,혁신성장유형,기타,환경 관련 엔지니어링 서비스업,"환경기계 연구개발,오수처리 시설관리,수질측정 대행,수질환경 관리/오수처리시설설계공사,시공공사,방지시설공사/건축물 청소",2024-08-29,2027-08-28,재확인,2026-02-28
경기도 성남시,주식회사비트리,김**,혁신성장유형,정보처리S/W,시스템 소프트웨어 개발 및 공급업,"ISP IP, DDI, ASIC",2024-08-17,2027-08-16,재확인,2026-02-28
경기도 성남시,주식회사 피씨티,정**,벤처투자유형,정보처리S/W,응용 소프트웨어 개발 및 공급업,"S/W,H/W개발및공급업",2024-07-20,2027-07-19,재확인,2026-02-28
경기도 성남시,㈜쓰리뷰,김**,연구개발유형,정보처리S/W,응용 소프트웨어 개발 및 공급업,공정감시시스템 및 제조실행시스템,2024-09-15,2027-09-14,재확인,2026-02-28
경기도 성남시,주식회사 엔플럭스,이**,연구개발유형,정보처리S/W,시스템 소프트웨어 개발 및 공급업,소프트웨어,2024-08-11,2027-08-10,재확인,2026-02-28
경기도 성남시,(주)토탈시스,고**,연구개발유형,정보처리S/W,응용 소프트웨어 개발 및 공급업,"엣지 AI솔루션, 기술서비스업",2024-10-08,2027-10-07,신규,2026-02-28
경기도 성남시,주식회사 세인넛츠 스튜디오,정**,벤처투자유형,정보처리S/W,기타 게임 소프트웨어 개발 및 공급업,게임 소프트웨어 개발,2024-09-04,2027-09-03,신규,2026-02-28
경기도 성남시,주식회사티엔씨,송**,혁신성장유형,건설운수,도장 공사업,"도장공사, 습식방수공사, 시설물유지관리",2024-08-04,2027-08-03,재확인,2026-02-28
경기도 성남시,주식회사 펑키바인,김**,혁신성장유형,정보처리S/W,모바일 게임 소프트웨어 개발 및 공급업,모바일 게임,2025-04-30,2028-04-29,신규,2026-02-28
경기도 성남시,주식회사 나루이앤씨,김**,연구개발유형,기타,기타 엔지니어링 서비스업,연구용역,2024-09-16,2027-09-15,재확인,2026-02-28
경기도 성남시,주식회사 씨지스플랜,김**,연구개발유형,기타,건축설계 및 관련 서비스업,구조설계 및 안전진단연구개발및제공,2024-09-17,2027-09-16,재확인,2026-02-28
경기도 성남시,주식회사 정심식품,정**,혁신성장유형,제조업,기타 식품 첨가물 제조업,식품 및 식품첨가물 제조 및 도소매,2024-08-12,2027-08-11,재확인,2026-02-28
경기도 성남시,주식회사 엑소시스템즈,이**,벤처투자유형,제조업,전기식 진단 및 요법 기기 제조업,웨어러블 헬스케어,2024-09-21,2027-09-20,재확인,2026-02-28
경기도 성남시,다온기술 주식회사,조**,혁신성장유형,정보처리S/W,시스템 소프트웨어 개발 및 공급업,정보보안,2024-07-22,2027-07-21,재확인,2026-02-28
경기도 성남시,주식회사 엔비사이언스,최**,혁신성장유형,연구개발서비스,의학 및 약학 연구개발업,근육재생 촉진 바이오의약품,2024-08-12,2027-08-11,재확인,2026-02-28
경기도 성남시,㈜소이넷,"김**,박**",벤처투자유형,정보처리S/W,시스템 소프트웨어 개발 및 공급업,인공지능실행가속기,2024-08-08,2027-08-07,재확인,2026-02-28
경기도 성남시,미라텍 주식회사,최**,혁신성장유형,연구개발서비스,전기ㆍ전자공학 연구개발업,상용차 특장차 전용 Surround View Monitoring System,2024-09-30,2027-09-29,신규,2026-02-28
경기도 성남시,주식회사 바이랩,이**,연구개발유형,제조업,전기식 진단 및 요법 기기 제조업,"의료기기,데이터분석 및 연구개발업",2024-08-24,2027-08-23,재확인,2026-02-28
경기도 성남시,(주)무커,강**,혁신성장유형,정보처리S/W,시스템 소프트웨어 개발 및 공급업,IoT 제어기,2024-09-03,2027-09-02,신규,2026-02-28
경기도 성남시,주식회사 엠젠,박**,연구개발유형,제조업,"물질 검사, 측정 및 분석기구 제조업","3차원측정검사장비, 시스템SW",2024-09-24,2027-09-23,재확인,2026-02-28
경기도 성남시,주식회사 에이버튼,김**,벤처투자유형,정보처리S/W,유선 온라인 게임 소프트웨어 개발 및 공급업,유무선 온라인 게임,2024-08-28,2027-08-27,신규,2026-02-28
경기도 성남시,주식회사 제니스코리아,이**,연구개발유형,제조업,유선 통신장비 제조업,"전기차/전기차충전기용 PLC통신모뎀, 완속충전기",2024-08-12,2027-08-11,재확인,2026-02-28
경기도 성남시,주식회사 스펙스테크,박**,혁신성장유형,제조업,그 외 기타 분류 안된 화학제품 제조업,소방기구,2024-09-18,2027-09-17,재확인,2026-02-28
경기도 성남시,주식회사 보안정보통신,유**,혁신성장유형,기타,기타 사무지원 서비스업,불법감청설비탐지,2024-10-30,2027-10-29,신규,2026-02-28
경기도 성남시,주식회사 창조산업개발,"현**,이**",혁신성장유형,제조업,콘크리트 관 및 기타 구조용 콘크리트 제품 제조업,프리캐스트 콘크리트 암거,2024-09-24,2027-09-23,신규,2026-02-28
경기도 성남시,주식회사 이지메디봇,이**,벤처투자유형,정보처리S/W,시스템 소프트웨어 개발 및 공급업,기술개발 중,2024-09-11,2027-09-10,신규,2026-02-28
경기도 성남시,주식회사 블라썸테크놀로지,정**,혁신성장유형,제조업,비메모리용 및 기타 전자집적회로 제조업,"TDDI, MIPI IP, OLED 구동 SoC",2024-10-02,2027-10-01,재확인,2026-02-28
경기도 성남시,주식회사 포비콘 (FOBECON Corp.),송**,벤처투자유형,정보처리S/W,응용 소프트웨어 개발 및 공급업,건설 산업을 위한 소프트웨어,2024-08-20,2027-08-19,신규,2026-02-28
경기도 성남시,모던밸류 주식회사,김**,연구개발유형,연구개발서비스,의학 및 약학 연구개발업,분자유전진단기기,2024-09-10,2027-09-09,재확인,2026-02-28
경기도 성남시,(주)아하랩스,함**,연구개발유형,정보처리S/W,응용 소프트웨어 개발 및 공급업,소프트웨어 개발 및 공급,2024-09-03,2027-09-02,재확인,2026-02-28
경기도 성남시,㈜비오더블테크놀로지,심**,혁신성장유형,제조업,유선 통신장비 제조업,네트워크관련솔루션,2024-08-27,2027-08-26,재확인,2026-02-28
경기도 성남시,주식회사 심플비트,장**,혁신성장유형,정보처리S/W,응용 소프트웨어 개발 및 공급업,"S/W,H/W자문개발및공급,제작,임대",2024-12-04,2027-12-03,재확인,2026-02-28
경기도 성남시,지우이앤이(주),이**,연구개발유형,제조업,기체 여과기 제조업,"토양,물,대기정화장치,공학연구개발업,학술연구용역업,환경및토목관련엔지니어링",2024-07-08,2027-07-07,재확인,2026-02-28
경기도 성남시,주식회사 두플,김**,연구개발유형,정보처리S/W,컴퓨터시스템 통합 자문 및 구축 서비스업,생산시스템구축컨설팅외,2024-09-29,2027-09-28,재확인,2026-02-28
경기도 성남시,에스넷아이씨티㈜,김**,혁신성장유형,정보처리S/W,컴퓨터시스템 통합 자문 및 구축 서비스업,보안서버 구축 및 유지보수,2024-09-04,2027-09-03,재확인,2026-02-28
경기도 성남시,스마트이락㈜,박**,혁신성장유형,제조업,기타 무선 통신장비 제조업,호텔도어록 및 소형경량금고,2024-09-24,2027-09-23,재확인,2026-02-28
경기도 성남시,(주)폭스소프트,김**,혁신성장유형,정보처리S/W,시스템 소프트웨어 개발 및 공급업,"소프트웨어 자문, 개발 및 공급업",2024-08-18,2027-08-17,재확인,2026-02-28
경기도 성남시,주식회사 청년한우,정**,벤처투자유형,"농,어,임,광업",축산 관련 서비스업,축산 관련 서비스업,2024-08-27,2027-08-26,신규,2026-02-28
경기도 성남시,(주)마크노바,최**,연구개발유형,정보처리S/W,응용 소프트웨어 개발 및 공급업,"소프트웨어 개발 및 공급업,방송장비 제조업, 멀티미디어학습기 제조업,수출입",2024-09-25,2027-09-24,신규,2026-02-28
경기도 성남시,주식회사 아이디어웨어,차**,벤처투자유형,정보처리S/W,그 외 기타 정보 서비스업,앱소매시장 분석 서비스,2024-08-04,2027-08-03,재확인,2026-02-28
경기도 성남시,주식회사 비이링크,박**,혁신성장유형,제조업,연성 및 기타 인쇄회로기판 제조업,"반도체 테스트 장비용 부품 및 산업용 부품의 설계, 제조",2024-10-07,2027-10-06,재확인,2026-02-28
경기도 성남시,주식회사 티에이엔지니어링,곽**,연구개발유형,제조업,그 외 기타 전자부품 제조업,밀리미터파 안테나 및 측정시스템,2024-11-06,2027-11-05,재확인,2026-02-28
경기도 성남시,주식회사 뉴메틱,오**,연구개발유형,정보처리S/W,기타 게임 소프트웨어 개발 및 공급업,애니메이션 제작,2024-09-29,2027-09-28,재확인,2026-02-28
경기도 성남시,주식회사 블랙후즈,이**,벤처투자유형,정보처리S/W,시스템 소프트웨어 개발 및 공급업,"웨임, 대화형 AI  서베이",2024-09-04,2027-09-03,신규,2026-02-28
경기도 성남시,㈜와튼,임**,연구개발유형,제조업,산업처리공정 제어장비 제조업,축전지/비상전원노화진단시스템,2024-09-10,2027-09-09,재확인,2026-02-28
경기도 성남시,(주)에이텍모빌리티,"신**,최**",연구개발유형,제조업,기타 무선 통신장비 제조업,교통요금 자동징수 시스템,2024-10-01,2027-09-30,재확인,2026-02-28
경기도 성남시,주식회사 미리내에이아이,"강**,최**",혁신성장유형,정보처리S/W,응용 소프트웨어 개발 및 공급업,소프트웨어,2024-09-25,2027-09-24,신규,2026-02-28
경기도 성남시,주식회사 세컨드다이브 ,반**,벤처투자유형,정보처리S/W,응용 소프트웨어 개발 및 공급업,소프트웨어 개발,2024-10-13,2027-10-12,재확인,2026-02-28
경기도 성남시,티티앤에스주식회사,윤**,연구개발유형,제조업,그 외 기타 전자부품 제조업,"회로기판코팅장,열풍순환오븐 제조",2024-09-11,2027-09-10,재확인,2026-02-28
경기도 성남시,주식회사 레몬트리,이**,벤처투자유형,정보처리S/W,응용 소프트웨어 개발 및 공급업,가족 금융 서비스 제공 및 청소년 자녀 금융 교육,2024-10-13,2027-10-12,재확인,2026-02-28
경기도 성남시,주식회사 오브이메디,"강**,조**",벤처투자유형,제조업,그 외 기타 의료용 기기 제조업,주사침에 내장된 Barb봉합사,2024-10-14,2027-10-13,재확인,2026-02-28
경기도 성남시,주식회사 제이앤케이헬스앤뷰티,고**,혁신성장유형,제조업,비 및 솔 제조업,"치솔,구강용품",2024-09-02,2027-09-01,재확인,2026-02-28
경기도 성남시,주식회사 본담,이**,혁신성장유형,정보처리S/W,컴퓨터 프로그래밍 서비스업,"프로그래밍 서비스, 시각디자인, 경영컨설팅",2024-10-06,2027-10-05,재확인,2026-02-28
경기도 성남시,주식회사 파이토소울,박**,벤처투자유형,도소매업,"화장품, 비누 및 방향제 소매업","화장품, 방향제",2024-09-11,2027-09-10,신규,2026-02-28
경기도 성남시,㈜하이플,"권**,조**",혁신성장유형,연구개발서비스,"물리, 화학 및 생물학 연구개발업",원료의약품,2024-08-19,2027-08-18,재확인,2026-02-28
경기도 성남시,주식회사 오아시스에프앤비,김**,혁신성장유형,도소매업,상품 종합 도매업,프랜차이즈업,2024-09-24,2027-09-23,신규,2026-02-28
경기도 성남시,주식회사 케이씨이엔지니어링,윤**,연구개발유형,제조업,구조용 금속 판제품 및 공작물 제조업,"절곡 가드레일, 흙막이가시설 공법, 개폐형 복공판",2024-07-21,2027-07-20,재확인,2026-02-28
경기도 성남시,펑션베이㈜,장**,연구개발유형,연구개발서비스,기타 공학 연구개발업,리커다인 소프트웨어,2024-09-24,2027-09-23,재확인,2026-02-28
경기도 성남시,㈜와우시스템,고**,연구개발유형,제조업,그 외 기타 전자부품 제조업,ICT 교육용 실습장비,2024-10-08,2027-10-07,재확인,2026-02-28
경기도 성남시,주식회사 포도소프트,조**,연구개발유형,정보처리S/W,컴퓨터시스템 통합 자문 및 구축 서비스업,임베디드 소프트웨어,2024-09-26,2027-09-25,재확인,2026-02-28
경기도 성남시,㈜스트라티오코리아,이**,벤처투자유형,정보처리S/W,시스템 소프트웨어 개발 및 공급업,"근적외선 이미지 센서, 분광기, 근적외선 카메라",2024-10-16,2027-10-15,재확인,2026-02-28
경기도 성남시,주식회사 스튜디오프리윌루전,권**,혁신성장유형,기타,"영화, 비디오물 및 방송프로그램 제작 관련 서비스업","미디어콘텐츠창작업,응용 소프트웨어 개발 및 공급업",2024-09-24,2027-09-23,신규,2026-02-28
경기도 성남시,주식회사 옵티멀,김**,혁신성장유형,제조업,유선 통신장비 제조업,영상 및 통신장비 외 ,2024-12-03,2027-12-02,재확인,2026-02-28
경기도 성남시,주식회사 메타앙코르,남**,연구개발유형,연구개발서비스,전기ㆍ전자공학 연구개발업,"전기, 전자공학, 컴퓨터공학 연구개발업",2024-09-25,2027-09-24,신규,2026-02-28
경기도 성남시,(주)시큐어온,박**,연구개발유형,정보처리S/W,응용 소프트웨어 개발 및 공급업,"응용 소프트웨어 개발,공급",2024-08-02,2027-08-01,재확인,2026-02-28
경기도 성남시,주식회사 로미브릭,정**,혁신성장유형,정보처리S/W,그 외 기타 정보 서비스업,미디어컨텐츠,2024-10-16,2027-10-15,신규,2026-02-28
경기도 성남시,에코트로닉스(주),성**,혁신성장유형,제조업,"레이더, 항행용 무선기기 및 측량기구 제조업","어군탐지기, 컨트롤러 등",2024-09-15,2027-09-14,재확인,2026-02-28
경기도 성남시,히트러너 주식회사,김**,혁신성장유형,제조업,기타 가정용 전기기기 제조업,"방역기자재,의약외품,식품첨가물,소화기,캠핑카특장제조및판매,소화기,무역,잡화,전자상거래업",2024-10-19,2027-10-18,재확인,2026-02-28
경기도 성남시,주식회사 덕영엔지니어링,김**,혁신성장유형,기타,건축설계 및 관련 서비스업,"건설기술 설계용역 및 건설사업관리,공기정화용필터제조및 판매업,엔지니어링컨설팅,학술연구용역,통합환경관리업,신재생에너지업,환경관리업및 환경관리대행업,",2024-09-13,2027-09-12,재확인,2026-02-28
경기도 성남시,주식회사 원앤드,채**,혁신성장유형,제조업,화장품 제조업,화장품,2024-10-19,2027-10-18,재확인,2026-02-28
경기도 성남시,주식회사 원드롭,이**,벤처투자유형,제조업,그 외 기타 의료용 기기 제조업,"의료기기 제조/전기,전자장비 도소매,무역/체외진단시약,기기개발,연구개발용역(의료기기,프로그램)",2024-10-18,2027-10-17,재확인,2026-02-28
경기도 성남시,와디즈 주식회사,신**,벤처투자유형,도소매업,전자상거래 소매 중개업,"무역중개업, 상품중개업",2024-10-16,2027-10-15,재확인,2026-02-28
경기도 성남시,주식회사 씨이앤에스,이**,혁신성장유형,제조업,기타 전기 변환장치 제조업,전기변환장치 냉각시스템,2024-10-08,2027-10-07,신규,2026-02-28
경기도 성남시,주식회사 티앤아이텍,백**,혁신성장유형,제조업,반도체 제조용 기계 제조업,로봇자동화설비셀렉티브 솔더링 장비제조,2024-10-15,2027-10-14,재확인,2026-02-28
경기도 성남시,주식회사 굳갱랩스,"안**,김**",혁신성장유형,정보처리S/W,응용 소프트웨어 개발 및 공급업,AI Avatar Agent (AI Avatar 커뮤니케이션 솔루션),2024-10-23,2027-10-22,신규,2026-02-28
경기도 성남시,주식회사 스마트코어,최**,혁신성장유형,제조업,그 외 기타 특수목적용 기계 제조업,MBAS(생체정보취득통합단말),2024-12-31,2027-12-30,재확인,2026-02-28
경기도 성남시,주식회사 휴컴스,김**,혁신성장유형,제조업,방송장비 제조업,Industrial CCTV Camera Systems,2024-09-04,2027-09-03,재확인,2026-02-28
경기도 성남시,주식회사 나인벨헬스캐어,최**,연구개발유형,제조업,산업용 로봇 제조업,스마트 케어 베드,2024-10-06,2027-10-05,재확인,2026-02-28
경기도 성남시,코스텔(주),류**,혁신성장유형,제조업,기타 전기 변환장치 제조업,"전기자동차충전기,전기전자제품,주방TV,CCTV,디지털방송수신기,영상기기,음향기기,전력량계 제조/금속구조물창호온실공사,기계설비공사",2024-10-02,2027-10-01,재확인,2026-02-28
경기도 성남시,주식회사 제이온테크,최**,혁신성장유형,제조업,기타 무선 통신장비 제조업,FM중계기 DMB중계기,2024-10-29,2027-10-28,재확인,2026-02-28
경기도 성남시,스페이스파워㈜,박**,연구개발유형,제조업,전기회로 접속장치 제조업,수배전반자동제어반mcc반,2024-10-21,2027-10-20,재확인,2026-02-28
경기도 성남시,주식회사 레이닉스,이**,혁신성장유형,정보처리S/W,시스템 소프트웨어 개발 및 공급업,구매유지보수 SaaS서비스,2024-11-27,2027-11-26,신규,2026-02-28
경기도 성남시,㈜네이쳐앤휴먼지피,강**,혁신성장유형,제조업,오프셋 인쇄업,종이 포장재,2024-08-12,2027-08-11,재확인,2026-02-28
경기도 성남시,(주)보배에프앤비,김**,혁신성장유형,제조업,기타 식품 첨가물 제조업,기타 식품 첨가물 제조업,2024-10-27,2027-10-26,재확인,2026-02-28
경기도 성남시,쓰리에이로직스㈜,"이**,박**",연구개발유형,제조업,비메모리용 및 기타 전자집적회로 제조업,NFC  리더칩 및 테그칩 모듈,2024-10-29,2027-10-28,재확인,2026-02-28
경기도 성남시,(주)모터헤드,심**,벤처투자유형,정보처리S/W,컴퓨터 프로그래밍 서비스업,모빌리티 탄소중립 솔루션,2024-10-02,2027-10-01,신규,2026-02-28
경기도 성남시,파워큐브세미㈜,강**,연구개발유형,제조업,기타 반도체소자 제조업,"파워반도체, 반도체 공정장비용 히터",2024-09-06,2027-09-05,재확인,2026-02-28
경기도 성남시,주식회사 코엔바이오,염**,벤처투자유형,제조업,기타 비알코올 음료 제조업,유산균발효음료,2024-10-31,2027-10-30,재확인,2026-02-28
경기도 성남시,주식회사 큐부스,김**,혁신성장유형,정보처리S/W,컴퓨터 프로그래밍 서비스업,"Cloud managed service, PaaS, 자동화 시스템 구축 및 운영, 인프라 아웃소싱 서비스, HW/SW 공급 서비스",2024-11-20,2027-11-19,신규,2026-02-28
경기도 성남시,"주식회사 가이아비티 (GAIABT, Inc.)",강**,벤처투자유형,연구개발서비스,자연과학 및 공학 융합 연구개발업,"바이오연구자동화 솔루션, 항노화제품, 항암치료제",2024-12-17,2027-12-16,신규,2026-02-28
경기도 성남시,오아이온 주식회사,김**,벤처투자유형,제조업,유선 통신장비 제조업,공기질제어관리 무선통신단말기 제조,2024-09-08,2027-09-07,재확인,2026-02-28
경기도 성남시,주식회사 리가스텍,김**,혁신성장유형,제조업,비메모리용 및 기타 전자집적회로 제조업,디스플레이 반도체 및 패널 전력용 반도체 및 모듈,2024-10-23,2027-10-22,재확인,2026-02-28
경기도 성남시,㈜메디씽큐,임**,벤처투자유형,제조업,그 외 기타 의료용 기기 제조업,의료용 무선 스마트글라스 솔루션,2024-10-28,2027-10-27,재확인,2026-02-28
경기도 성남시,주식회사 에이엔게임즈,김**,혁신성장유형,정보처리S/W,모바일 게임 소프트웨어 개발 및 공급업,모바일게임,2025-02-04,2028-02-03,재확인,2026-02-28
경기도 성남시,주식회사 자블리,김**,혁신성장유형,정보처리S/W,응용 소프트웨어 개발 및 공급업,플랫폼 서비스,2024-10-23,2027-10-22,신규,2026-02-28
경기도 성남시,주식회사 메디트리파운더스,김**,혁신성장유형,제조업,그 외 기타 의료용품 및 의약 관련제품 제조업,"테터고정용밴드, 환자보호대, 드레싱키트 ",2024-12-26,2027-12-25,재확인,2026-02-28
경기도 성남시,이비티 주식회사,김**,연구개발유형,제조업,"물질 검사, 측정 및 분석기구 제조업","환경 및 대기오염 측정장비, 공기살균기, 전파탐지용시스템 외",2024-10-30,2027-10-29,재확인,2026-02-28
경기도 성남시,(주)하임스내츄라,정**,혁신성장유형,연구개발서비스,"물리, 화학 및 생물학 연구개발업",전문과학 및 기술서비스업건강기능식품등,2024-08-12,2027-08-11,재확인,2026-02-28
경기도 성남시,주식회사 네오아이앤이,박**,혁신성장유형,정보처리S/W,컴퓨터시스템 통합 자문 및 구축 서비스업,컴퓨터소프트웨어,2024-09-11,2027-09-10,재확인,2026-02-28
경기도 성남시,주식회사 위미트,안**,벤처투자유형,제조업,그 외 기타 식료품 제조업,"기타 식료품 제조업,기타 식료품 소매업,전자상거래(식품)",2024-10-27,2027-10-26,재확인,2026-02-28
경기도 성남시,메디포스트(주),오**,벤처투자유형,제조업,기초 의약 물질 제조업,"가족 제대혈은행, 줄기세포치료제, 건강기능식품(멀티비타민, 미네랄 등) 외",2024-10-10,2027-10-09,재확인,2026-02-28
경기도 성남시,라플라스테크놀로지스,박**,벤처투자유형,정보처리S/W,응용 소프트웨어 개발 및 공급업,https://www.analytics.laplacetec.com/,2024-09-08,2027-09-07,재확인,2026-02-28
경기도 성남시,㈜진매트릭스,김**,연구개발유형,연구개발서비스,의학 및 약학 연구개발업,분자진단 Kit개발,2024-10-17,2027-10-16,재확인,2026-02-28
경기도 성남시,주식회사 다음이앤씨,민**,혁신성장유형,기타,건물 및 토목 엔지니어링 서비스업,cornersafe,2024-10-10,2027-10-09,재확인,2026-02-28
경기도 성남시,주식회사 지누소프트,김**,벤처투자유형,정보처리S/W,시스템 소프트웨어 개발 및 공급업,"소프트웨어자문, 개발 및 공급",2024-10-25,2027-10-24,재확인,2026-02-28
경기도 성남시,(주)에이치와이시스템,김**,혁신성장유형,제조업,기타 무선 통신장비 제조업,"무전기,악세사리 제조/전자상거래",2024-11-03,2027-11-02,재확인,2026-02-28
경기도 성남시,브이플러스랩 주식회사,김**,연구개발유형,정보처리S/W,응용 소프트웨어 개발 및 공급업,SW 자동 테스팅 도구,2024-11-10,2027-11-09,재확인,2026-02-28
경기도 성남시,㈜마더케이,김**,혁신성장유형,제조업,설치용 및 위생용 플라스틱제품 제조업,지퍼백 저장팩 위생용품 외,2024-10-08,2027-10-07,재확인,2026-02-28
경기도 성남시,㈜엘리드,변**,연구개발유형,기타,"그 외 기타 분류 안된 전문, 과학 및 기술 서비스업",화장품의 유효성 및 안전성에 대한 인체적용시험 용역 ,2024-11-08,2027-11-07,재확인,2026-02-28
경기도 성남시,주식회사 이브이링크,조**,벤처투자유형,제조업,자동차 재제조 부품 제조업,전기차 부품 재제조 및 재활용 제품,2024-11-03,2027-11-02,재확인,2026-02-28
경기도 성남시,주식회사 소다라이브,이**,혁신성장유형,정보처리S/W,응용 소프트웨어 개발 및 공급업,오디오플랫폼,2024-10-30,2027-10-29,신규,2026-02-28
경기도 성남시,주식회사 피에스디엘,천**,벤처투자유형,정보처리S/W,시스템 소프트웨어 개발 및 공급업,물리 난수 보안칩,2024-11-12,2027-11-11,재확인,2026-02-28
경기도 성남시,㈜바이오세라,전**,연구개발유형,제조업,기타 기초 무기 화학물질 제조업,바이오소재 정수용필터,2024-09-12,2027-09-11,재확인,2026-02-28
경기도 성남시,(주)비케이소프트,이**,혁신성장유형,정보처리S/W,시스템 소프트웨어 개발 및 공급업,IPTV 셋탑박스외,2024-12-26,2027-12-25,신규,2026-02-28
경기도 성남시,주식회사 피플바이오,강**,연구개발유형,제조업,그 외 기타 의료용 기기 제조업,혈액진단키트,2024-10-29,2027-10-28,재확인,2026-02-28
경기도 성남시,㈜케이엠티,최**,혁신성장유형,제조업,그 외 기타 전기장비 제조업,적외선감지기 등,2024-10-14,2027-10-13,재확인,2026-02-28
경기도 성남시,주식회사 리얼리티매직,김**,벤처투자유형,정보처리S/W,유선 온라인 게임 소프트웨어 개발 및 공급업,"유선 온라인 게임 소프트웨어 개발 및 공급업,모바일 게임 소프트웨어 개발 및 공급업,소프트웨어 개발",2024-09-15,2027-09-14,재확인,2026-02-28
경기도 성남시,주식회사 큐브베리,이**,연구개발유형,정보처리S/W,그 외 기타 정보 서비스업,AnimAI (AI animation maker),2024-11-19,2027-11-18,신규,2026-02-28
경기도 성남시,주식회사 에픽옵틱스,김**,벤처투자유형,제조업,광학렌즈 및 광학요소 제조업,"미니프로젝터, HUD. 3D프린터엔진",2024-11-05,2027-11-04,재확인,2026-02-28
경기도 성남시,주식회사 비즈메이인터내셔날씨오알피,안**,연구개발유형,제조업,기타 음향기기 제조업,가라오케 플레이어외,2024-11-16,2027-11-15,재확인,2026-02-28
경기도 성남시,(주)와이즈넛,강**,벤처투자유형,정보처리S/W,시스템 소프트웨어 개발 및 공급업,"소프트웨어 개발,공급,자료 처리,온라인정보 제공,학술,연구용역,컨설팅/부동산,소프트웨어 임대",2024-11-15,2027-11-14,재확인,2026-02-28
경기도 성남시,주식회사 팬라인 (PanLine Inc.),유**,혁신성장유형,정보처리S/W,그 외 기타 정보 서비스업,"디지털공유간판 플랫폼, Mobile CCTV Service",2024-10-31,2027-10-30,재확인,2026-02-28
경기도 성남시,주식회사 스카이레브,L**,벤처투자유형,정보처리S/W,시스템 소프트웨어 개발 및 공급업,백엔드 소프트웨어,2024-10-15,2027-10-14,신규,2026-02-28
경기도 성남시,아로마라인 주식회사,이**,연구개발유형,제조업,기타 식품 첨가물 제조업,식품첨가물,2024-11-21,2027-11-20,재확인,2026-02-28
경기도 성남시,엠큐렉스 주식회사,염**,연구개발유형,연구개발서비스,의학 및 약학 연구개발업,신약개발 서비스,2024-09-15,2027-09-14,재확인,2026-02-28
경기도 성남시,주식회사 유캐스트,김**,벤처투자유형,제조업,기타 무선 통신장비 제조업,무선통신장비외,2024-10-25,2027-10-24,재확인,2026-02-28
경기도 성남시,(주)드론프릭,박**,혁신성장유형,제조업,무인 항공기 및 무인 비행장치 제조업,"드론,관련부품 제조,도소매,임대/응용소프트웨어 개발,공급/드론 촬영,측량,교육",2024-09-15,2027-09-14,재확인,2026-02-28
경기도 성남시,주식회사 마노파레,김**,혁신성장유형,제조업,화장품 제조업,"화장품, 방향제,무역",2024-09-27,2027-09-26,재확인,2026-02-28
경기도 성남시,플랜비포유 주식회사,김**,벤처투자유형,정보처리S/W,응용 소프트웨어 개발 및 공급업,"소프트웨어 개발,전자상거래 소매업,디지털 앱, 플랫폼, 콘텐츠 개발,인터넷서비스,통신서비스",2024-11-24,2027-11-23,재확인,2026-02-28
경기도 성남시,㈜헤리트,한**,혁신성장유형,정보처리S/W,응용 소프트웨어 개발 및 공급업,홈IoT플랫폼 IoT Converter,2024-11-15,2027-11-14,재확인,2026-02-28
경기도 성남시,"오브로 주식회사 (ORBRO. , Inc . )",이**,연구개발유형,정보처리S/W,시스템 소프트웨어 개발 및 공급업,원격관리시스템,2024-11-06,2027-11-05,재확인,2026-02-28
경기도 성남시,주식회사 로드컴플릿,"배**,배**",벤처투자유형,정보처리S/W,모바일 게임 소프트웨어 개발 및 공급업,"게임,온라인,모바일게임소프트웨어개발,공급",2024-11-23,2027-11-22,재확인,2026-02-28
경기도 성남시,모니터코퍼레이션 주식회사,이**,벤처투자유형,정보처리S/W,컴퓨터시스템 통합 자문 및 구축 서비스업,의료영상 소프트웨어,2024-10-28,2027-10-27,재확인,2026-02-28
경기도 성남시,주식회사 엠티데이타,옥**,혁신성장유형,정보처리S/W,컴퓨터시스템 통합 자문 및 구축 서비스업,"시스템통합 구축,소프트웨어 자문,개발,공급,유지보수/정보통신공사/컴퓨터,주변기기 도소매",2024-11-24,2027-11-23,재확인,2026-02-28
경기도 성남시,㈜유바이오시스,왕**,혁신성장유형,제조업,그 외 기타 의료용 기기 제조업,Tendoregen /Cartiregen/ U-Tube,2024-09-25,2027-09-24,재확인,2026-02-28
경기도 성남시,주식회사 카드몬스터,손**,벤처투자유형,정보처리S/W,데이터베이스 및 온라인정보 제공업,"플랫폼 운영 및 개발, 게임 개발",2024-10-29,2027-10-28,신규,2026-02-28
경기도 성남시,(주) 씨앤에스페이퍼,이**,혁신성장유형,제조업,"적층, 합성 및 특수표면처리 종이 제조업","무진지,보안용지,종이물티슈",2024-12-17,2027-12-16,신규,2026-02-28
경기도 성남시,피앤피네트워크(주),김**,연구개발유형,제조업,비메모리용 및 기타 전자집적회로 제조업,"전자집적회로,유선통신장치,임대,소프트웨어개발",2024-09-15,2027-09-14,재확인,2026-02-28
경기도 성남시,(주)메디파이,이**,벤처투자유형,기타,그 외 기타 광고 관련 서비스업,"광고 대행, 소프트웨어 개발",2024-10-30,2027-10-29,재확인,2026-02-28
경기도 성남시,(주)씨앤에스링크,안**,혁신성장유형,제조업,기타 무선 통신장비 제조업,"네비게이션,LTE Router,블랙박스 제조,도소매/컴퓨터시스템 통합,자문,구축",2024-11-03,2027-11-02,재확인,2026-02-28
경기도 성남시,주식회사 랩토,곽**,벤처투자유형,제조업,기타 기초 유기 화학물질 제조업,"오엘이디관련화합물,디스플레이관련화합물,전자재료 제조/수출입",2024-11-27,2027-11-26,재확인,2026-02-28
경기도 성남시,그라운드업코리아 주식회사,류**,벤처투자유형,기타,주거용 건물 개발 및 공급업,"공동주택, 공유 주택, 공유 오피스, 공유 주방",2024-11-27,2027-11-26,재확인,2026-02-28
경기도 성남시,주식회사 핀테라퓨틱스,조**,벤처투자유형,연구개발서비스,의학 및 약학 연구개발업,"의학,약학 연구개발,경영 컨설팅/기타 금융",2024-11-27,2027-11-26,재확인,2026-02-28
경기도 성남시,주식회사 보레다바이오텍 ,최**,혁신성장유형,제조업,그 외 기타 의료용품 및 의약 관련제품 제조업,"항체, 진단시약, 항원",2024-11-28,2027-11-27,재확인,2026-02-28
경기도 성남시,주식회사 숨빗에이아이,배**,벤처투자유형,기타,"그 외 기타 분류 안된 전문, 과학 및 기술 서비스업",인공지능 기반 의료솔루션 및 서비스,2024-10-29,2027-10-28,신규,2026-02-28
경기도 성남시,㈜코모텍,조**,연구개발유형,제조업,전동기 및 발전기 제조업,"서보모터, 액츄에이터",2024-11-29,2027-11-28,재확인,2026-02-28
경기도 성남시,주식회사 모빌위더스,박**,혁신성장유형,정보처리S/W,응용 소프트웨어 개발 및 공급업,"응용 소프트웨어 개발 및 공급업,컴퓨터 시스템 통합 자문 및 구축 서비스업,시스템 소프트웨어 개발 및 공급업,컴퓨터 프로그래밍 서비스업",2024-11-05,2027-11-04,신규,2026-02-28
경기도 성남시,㈜대한이앤씨,박**,혁신성장유형,건설운수,기타 토목시설물 건설업,기술엔지니어링 안전진단 시설물유지관리 설계 등,2024-11-22,2027-11-21,재확인,2026-02-28
경기도 성남시,㈜에이치비티,박**,혁신성장유형,제조업,그 외 기타 의료용 기기 제조업,의료기기 외,2024-11-07,2027-11-06,재확인,2026-02-28
경기도 성남시,주식회사 프로티움사이언스,안**,벤처투자유형,연구개발서비스,의학 및 약학 연구개발업,의학 및 약학 연구개발 및 기타 과학기술 서비스업,2024-10-06,2027-10-05,재확인,2026-02-28
경기도 성남시,(주)온니드,김**,혁신성장유형,제조업,방송장비 제조업,"방송, 음향기기,컴퓨터 주변기기,전자제품,유무선 통신기기,CCTV,컴퓨터주변기기,전자상거래업,소프트웨어 자문 및 컨설팅",2024-12-01,2027-11-30,재확인,2026-02-28
경기도 성남시,주식회사 유어썬,김**,혁신성장유형,제조업,"근무복, 작업복 및 유사의복 제조업",반려동물용 기능성의류,2024-10-20,2027-10-19,재확인,2026-02-28
경기도 성남시,주식회사 유비스,신**,벤처투자유형,정보처리S/W,모바일 게임 소프트웨어 개발 및 공급업,모바일 게임,2024-10-22,2027-10-21,신규,2026-02-28
경기도 성남시,클라우드허브 주식회사,최**,혁신성장유형,정보처리S/W,데이터베이스 및 온라인정보 제공업,S/W,2025-03-12,2028-03-11,재확인,2026-02-28
경기도 성남시,악성코드검거단(주),전**,연구개발유형,정보처리S/W,시스템 소프트웨어 개발 및 공급업,시스템 소프트웨어 개발 및 공급업,2024-12-31,2027-12-30,신규,2026-02-28
경기도 성남시,루트나인 주식회사,조**,연구개발유형,정보처리S/W,모바일 게임 소프트웨어 개발 및 공급업,모바일 게임 소프트웨어,2024-11-19,2027-11-18,신규,2026-02-28
경기도 성남시,주식회사 해비,이**,벤처투자유형,제조업,화장품 제조업,"화장품 제조업,화장품 및 화장용품 도매업,무역업(수출),무역업(수입),식자재 유통,전자상거래 소매업,기타 통신 판매업,SNS마켓",2024-10-29,2027-10-28,신규,2026-02-28
경기도 성남시,바로 주식회사,선**,혁신성장유형,기타,"소독, 구충 및 방제 서비스업",소독 서비스업,2025-01-14,2028-01-13,신규,2026-02-28
경기도 성남시,주식회사 미툰앤노벨,정**,혁신성장유형,정보처리S/W,포털 및 기타 인터넷 정보매개 서비스업,웹소설 웹툰,2024-11-21,2027-11-20,재확인,2026-02-28
경기도 성남시,(주)엘케이시스템,류**,혁신성장유형,제조업,방송장비 제조업,"씨씨티브이,광장비,전광판,차량검지기,전자통신장비 제조/소방시설공사,정보통신공사",2024-12-31,2027-12-30,재확인,2026-02-28
경기도 성남시,주식회사 알파서클,신**,벤처투자유형,정보처리S/W,응용 소프트웨어 개발 및 공급업,VR 영상솔루션(알파뷰),2024-11-10,2027-11-09,재확인,2026-02-28
경기도 성남시,(주)트렌디글로벌,신**,혁신성장유형,제조업,여자용 겉옷 제조업,"화장품, 의류",2024-11-27,2027-11-26,신규,2026-02-28
경기도 성남시,㈜서현테크놀로지,주**,혁신성장유형,기타,"그 외 기타 분류 안된 전문, 과학 및 기술 서비스업",자동차부품 시험계측기 및 지그,2024-12-01,2027-11-30,재확인,2026-02-28
경기도 성남시,주식회사 슈퍼진,"이**,나**",혁신성장유형,정보처리S/W,유선 온라인 게임 소프트웨어 개발 및 공급업,게임 및 이미지합성 카메라 소프트웨어,2024-10-28,2027-10-27,재확인,2026-02-28
경기도 성남시,주식회사 아이엔지로보틱스,문**,혁신성장유형,제조업,산업용 로봇 제조업,"로봇, 라이다",2025-01-14,2028-01-13,신규,2026-02-28
경기도 성남시,(주)아이뷰테크놀로지,김**,혁신성장유형,정보처리S/W,시스템 소프트웨어 개발 및 공급업,화재예방 솔루션 소프트웨어,2024-12-06,2027-12-05,재확인,2026-02-28
경기도 성남시,(주)인벤티지랩,김**,벤처투자유형,연구개발서비스,의학 및 약학 연구개발업,"의약품 연구개발/마이크로,나노입자 기반 약물전달 플랫폼,제품 제조",2024-11-11,2027-11-10,재확인,2026-02-28
경기도 성남시,주식회사 원영전자,김**,연구개발유형,제조업,유선 통신장비 제조업,방산장비 외,2024-10-15,2027-10-14,재확인,2026-02-28
경기도 성남시,㈜트리포스,서**,연구개발유형,정보처리S/W,응용 소프트웨어 개발 및 공급업,솔루션위치관제sw패키지si등,2024-11-30,2027-11-29,재확인,2026-02-28
경기도 성남시,콘텔라㈜,박**,벤처투자유형,제조업,기타 무선 통신장비 제조업,"LTE 스몰셀, EPC, LSH등",2024-11-15,2027-11-14,재확인,2026-02-28
경기도 성남시,그린캣소프트㈜,신**,혁신성장유형,정보처리S/W,시스템 소프트웨어 개발 및 공급업,소프트웨어  온라인서비스,2024-12-14,2027-12-13,재확인,2026-02-28
경기도 성남시,㈜코텍세미컴,홍**,혁신성장유형,연구개발서비스,전기ㆍ전자공학 연구개발업,반도체,2024-12-15,2027-12-14,재확인,2026-02-28
경기도 성남시,주식회사 엠엠에이코리아,이**,혁신성장유형,제조업,그 외 기타 의료용 기기 제조업,의료가스 공급장치 외,2024-12-15,2027-12-14,재확인,2026-02-28
경기도 성남시,㈜드림에어,정**,혁신성장유형,제조업,그 외 기타 의료용 기기 제조업,마스크기체여과기필터류,2024-11-17,2027-11-16,재확인,2026-02-28
경기도 성남시,주식회사 에이치제이웨이브,유**,혁신성장유형,제조업,기타 무선 통신장비 제조업,"안테나 ( 레이다, 통신 ) , EoL 설비",2024-12-15,2027-12-14,재확인,2026-02-28
경기도 성남시,이뮤니크 주식회사,권**,벤처투자유형,연구개발서비스,의학 및 약학 연구개발업,면역세포치료제 연구개발,2024-11-10,2027-11-09,재확인,2026-02-28
경기도 성남시,지아이씨텍(주),이**,연구개발유형,정보처리S/W,컴퓨터시스템 통합 자문 및 구축 서비스업,반도체 비전장비 및 SW개발,2024-11-15,2027-11-14,재확인,2026-02-28
경기도 성남시,주식회사 엑스리스,이**,혁신성장유형,정보처리S/W,응용 소프트웨어 개발 및 공급업,멀티미디어 표준 소프트웨어 개발 및 판매,2024-12-16,2027-12-15,재확인,2026-02-28
경기도 성남시,㈜제이드에프앤비,"강**,이**",혁신성장유형,도소매업,비알코올음료 도매업,음료 외,2024-11-29,2027-11-28,재확인,2026-02-28
경기도 성남시,주식회사 싱크홀스튜디오,권**,혁신성장유형,정보처리S/W,유선 온라인 게임 소프트웨어 개발 및 공급업,게임 소프트웨어,2025-06-04,2028-06-03,재확인,2026-02-28
경기도 성남시,비에이비 주식회사,신**,혁신성장유형,정보처리S/W,응용 소프트웨어 개발 및 공급업,응용 소프트웨어,2024-10-11,2027-10-10,재확인,2026-02-28
경기도 성남시,주식회사 올앤올,문**,혁신성장유형,기타,건물 및 토목 엔지니어링 서비스업,토목인허가용역 건설인허가ERP,2024-11-13,2027-11-12,재확인,2026-02-28
경기도 성남시,주식회사 펫라이즈,김**,혁신성장유형,제조업,"치약, 비누 및 기타 세제 제조업","반려견 샴푸, 미스트",2024-11-27,2027-11-26,신규,2026-02-28
경기도 성남시,(주) 바이오아쳐스,정**,혁신성장유형,연구개발서비스,의학 및 약학 연구개발업,개량신약,2025-02-04,2028-02-03,신규,2026-02-28
경기도 성남시,주식회사 토네이도시스템즈,오**,벤처투자유형,제조업,기체 여과기 제조업,"공기청정기,레인지후드,환풍기 등",2024-11-29,2027-11-28,재확인,2026-02-28
경기도 성남시,아미정보통신,김**,혁신성장유형,정보처리S/W,기타 정보기술 및 컴퓨터운영 관련 서비스업,sw 프로그램 개발,2024-11-21,2027-11-20,재확인,2026-02-28
경기도 성남시,주식회사 유비랩,유**,혁신성장유형,제조업,그 외 기타 전자부품 제조업,"디스플레이용 고 열전도, EMI 차폐 전자 재료",2025-03-04,2028-03-03,신규,2026-02-28
경기도 성남시,주식회사 가스코,오**,혁신성장유형,제조업,그 외 기타 분류 안된 화학제품 제조업,가죽 섬유 자동차 염색 코팅 얼룩제거제 및 기타 관리용품,2024-12-04,2027-12-03,신규,2026-02-28
경기도 성남시,주식회사 그루매틱,김**,벤처투자유형,정보처리S/W,데이터베이스 및 온라인정보 제공업,클라우드 비용 데이터베이스 분석 및 절감 서비스,2024-11-03,2027-11-02,재확인,2026-02-28
경기도 성남시,주식회사 가산기술,배**,혁신성장유형,연구개발서비스,전기ㆍ전자공학 연구개발업,인터넷관련 시스템 및 플랫폼 서비스,2024-12-22,2027-12-21,재확인,2026-02-28
경기도 성남시,주식회사 마이더스소프트,이**,연구개발유형,정보처리S/W,컴퓨터시스템 통합 자문 및 구축 서비스업,원격제어 소프트웨어,2024-11-10,2027-11-09,재확인,2026-02-28
경기도 성남시,주식회사 아틴스,이**,벤처투자유형,정보처리S/W,응용 소프트웨어 개발 및 공급업,영상 저장 솔루션,2024-12-22,2027-12-21,재확인,2026-02-28
경기도 성남시,쿤텍 주식회사,방**,연구개발유형,정보처리S/W,시스템 소프트웨어 개발 및 공급업,융합 보안 SW 개발 및 공급,2024-12-15,2027-12-14,재확인,2026-02-28
경기도 성남시,주식회사 원캐스트,정**,혁신성장유형,제조업,방송장비 제조업,네트워크 및 재난방송장비,2024-12-22,2027-12-21,재확인,2026-02-28
경기도 성남시,㈜셀렌진,안**,벤처투자유형,연구개발서비스,의학 및 약학 연구개발업,항암제 개발,2024-12-11,2027-12-10,재확인,2026-02-28
경기도 성남시,주식회사 듀셀,이**,벤처투자유형,기타,"그 외 기타 분류 안된 전문, 과학 및 기술 서비스업",신약연구개발,2024-12-16,2027-12-15,재확인,2026-02-28
경기도 성남시,주식회사 노벨티노빌리티,박**,연구개발유형,연구개발서비스,의학 및 약학 연구개발업,항체치료제,2024-12-18,2027-12-17,재확인,2026-02-28
경기도 성남시,㈜엘피텍,서**,혁신성장유형,제조업,기타 가공 공작기계 제조업,레이저용접기,2024-10-24,2027-10-23,재확인,2026-02-28
경기도 성남시,주식회사 브이엠브이테크,정**,연구개발유형,제조업,"기타 측정, 시험, 항해, 제어 및 정밀기기 제조업","소음,진동 저감장치 및 모니터링 시스템 및 테스트장치",2024-11-16,2027-11-15,재확인,2026-02-28
경기도 성남시,주식회사 에이치에프씨,김**,벤처투자유형,도소매업,전기용 기계장비 및 관련 기자재 도매업,"반도체 장비 부품  ,수소연료전지 및 2차전지 개",2024-11-27,2027-11-26,신규,2026-02-28
경기도 성남시,(주)아티웰스,이**,벤처투자유형,정보처리S/W,응용 소프트웨어 개발 및 공급업,기타 기업전문소프트웨어,2024-12-26,2027-12-25,재확인,2026-02-28
경기도 성남시,엠피온 주식회사,이**,연구개발유형,제조업,기타 무선 통신장비 제조업,"하이패스단말기, 블랙박스",2024-12-16,2027-12-15,재확인,2026-02-28
경기도 성남시,㈜어플리컴,안**,혁신성장유형,제조업,자동차용 신품 전기장치 제조업,자동차 전장 부품,2024-11-07,2027-11-06,재확인,2026-02-28
경기도 성남시,슈어소프트테크(주),배**,연구개발유형,정보처리S/W,응용 소프트웨어 개발 및 공급업,소프트웨어 자동화 검증 플랫폼 개발,2024-12-29,2027-12-28,재확인,2026-02-28
경기도 성남시,(주) 쏘시오테크,정**,연구개발유형,연구개발서비스,의학 및 약학 연구개발업,임상실험 및 천연물약품 개발,2024-12-29,2027-12-28,재확인,2026-02-28
경기도 성남시,주식회사 스마트아이,김**,혁신성장유형,정보처리S/W,컴퓨터시스템 통합 자문 및 구축 서비스업,스마트마을방송시스템,2024-12-29,2027-12-28,재확인,2026-02-28
경기도 성남시,㈜리테일테크,안**,혁신성장유형,정보처리S/W,시스템 소프트웨어 개발 및 공급업,"유통IT 솔루션, IoT 솔루션 등",2024-10-10,2027-10-09,재확인,2026-02-28
경기도 성남시,아크로랩스 주식회사 ,김**,연구개발유형,제조업,그 외 기타 전기장비 제조업,"친환경에너지저장시스템,연료전지시스템, 수전해시스템",2024-11-17,2027-11-16,재확인,2026-02-28
경기도 성남시,주식회사 하이스코어게임즈,김**,벤처투자유형,정보처리S/W,모바일 게임 소프트웨어 개발 및 공급업,모바일게임,2024-12-29,2027-12-28,재확인,2026-02-28
경기도 성남시,주식회사 엔씨피글로벌,이**,혁신성장유형,정보처리S/W,컴퓨터 프로그래밍 서비스업,CAD 프로그램 개발,2024-12-03,2027-12-02,신규,2026-02-28
경기도 성남시,주식회사 크랙더데이,최**,벤처투자유형,정보처리S/W,응용 소프트웨어 개발 및 공급업,"모바일 어플리케이션, 웹 서비스",2024-11-19,2027-11-18,신규,2026-02-28
경기도 성남시,"주식회사 리츠(LITS Co.,Ltd.)",강**,벤처투자유형,제조업,그 외 기타 전자부품 제조업,"전자제품,축산관련전자제품 제조,도소매/소프트웨어 도소매,무역,통신판매",2024-12-28,2027-12-27,재확인,2026-02-28
경기도 성남시,주식회사 아이스크림아트,이**,혁신성장유형,기타,기타 교육지원 서비스업,교육 컨텐츠 제공 및 개발업,2024-12-01,2027-11-30,재확인,2026-02-28
경기도 성남시,"주식회사 실리콘브릿지(Silicon Bridge, Inc.)",김**,연구개발유형,제조업,유선 통신장비 제조업,주차관제장치,2024-10-29,2027-10-28,재확인,2026-02-28
경기도 성남시,주식회사 지티지메디칼,박**,혁신성장유형,제조업,그 외 기타 의료용품 및 의약 관련제품 제조업,"의료기기, 미용기기",2024-11-24,2027-11-23,재확인,2026-02-28
경기도 성남시,(주)비스토스,이**,혁신성장유형,제조업,그 외 기타 의료용 기기 제조업,"환자,태아감시장치 제조",2024-10-28,2027-10-27,재확인,2026-02-28
경기도 성남시,주식회사 어뮤즈랩,유**,혁신성장유형,정보처리S/W,응용 소프트웨어 개발 및 공급업,영상 분석 시스템,2024-12-01,2027-11-30,재확인,2026-02-28
경기도 성남시,(주)에스비티글로벌,서**,혁신성장유형,정보처리S/W,응용 소프트웨어 개발 및 공급업,QSA CPMS CubeOne,2024-12-18,2027-12-17,재확인,2026-02-28
경기도 성남시,주식회사 디지트론,이**,연구개발유형,제조업,기타 표시장치 제조업,임베디드 보드 LED 조명,2024-10-30,2027-10-29,재확인,2026-02-28
경기도 성남시,(주) 웨이투텍,윤**,혁신성장유형,제조업,기타 무선 통신장비 제조업,네트워크 카메라,2024-12-27,2027-12-26,재확인,2026-02-28
경기도 성남시,주식회사 콕스,조**,연구개발유형,제조업,기타 광학기기 및 사진기 제조업,열화상카메라,2024-12-10,2027-12-09,재확인,2026-02-28
경기도 성남시,주식회사 코드리치 ,이**,혁신성장유형,정보처리S/W,컴퓨터 프로그래밍 서비스업,"AR스크린스포츠솔루션(교육,훈련)",2024-12-08,2027-12-07,재확인,2026-02-28
경기도 성남시,㈜더원테크,"김**,이**",연구개발유형,정보처리S/W,응용 소프트웨어 개발 및 공급업,AI 기반 빅데이터 분석 플랫폼,2024-11-20,2027-11-19,재확인,2026-02-28
경기도 성남시,주식회사 나인브릿지,김**,혁신성장유형,제조업,기타 주변기기 제조업,컴퓨터　및 IT주변기기,2024-11-14,2027-11-13,재확인,2026-02-28
경기도 성남시,주식회사 군돌이,지**,벤처투자유형,정보처리S/W,응용 소프트웨어 개발 및 공급업,"응용 소프트웨어 개발 및 공급업,전자상거래 소매업,자동 판매기 운영업,시스템 소프트웨어 개발 및 공급업",2024-12-04,2027-12-03,신규,2026-02-28
경기도 성남시,주식회사 이제이이엔씨,김**,혁신성장유형,건설운수,토공사업,스프링클러 시스템 설계,2024-12-10,2027-12-09,신규,2026-02-28
경기도 성남시,㈜스킨사이언스,고**,벤처투자유형,제조업,그 외 기타 의료용 기기 제조업,전기이/미용기기,2025-01-05,2028-01-04,재확인,2026-02-28
경기도 성남시,이오플로주 주식회사,김**,벤처투자유형,제조업,그 외 기타 의료용 기기 제조업,웨어러블 인슐린펌프 제조/바이오센서 도소매/소프트웨어 개발,2024-12-07,2027-12-06,재확인,2026-02-28
경기도 성남시,주식회사 아웃사이더키즈,김**,벤처투자유형,정보처리S/W,유선 온라인 게임 소프트웨어 개발 및 공급업,"유선 온라인 게임 소프트웨어 개발 및 공급업,모바일 게임 소프트웨어 개발 및 공급업,기타 게임 소프트웨어 개발 및 공급업",2024-12-22,2027-12-21,재확인,2026-02-28
경기도 성남시,주식회사 오로지,조**,혁신성장유형,도소매업,기타 통신 판매업, 미용기구 및 교육서비스,2025-01-21,2028-01-20,신규,2026-02-28
경기도 성남시,"주식회사 유앤진(UnGENE CO.,LTD.)",유**,혁신성장유형,연구개발서비스,자연과학 및 공학 융합 연구개발업,디지털육종컨설팅및개발,2025-02-04,2028-02-03,신규,2026-02-28
경기도 성남시,한국파나메트릭스주식회사,박**,혁신성장유형,제조업,속도계 및 적산계기 제조업,유량계,2024-12-24,2027-12-23,재확인,2026-02-28
경기도 성남시,하얀산업(주),손**,혁신성장유형,제조업,분사기 및 소화기 제조업,상업용주방자동소화장치,2024-12-18,2027-12-17,신규,2026-02-28
경기도 성남시,㈜뉴빛테크놀러지,김**,혁신성장유형,정보처리S/W,컴퓨터시스템 통합 자문 및 구축 서비스업,ILS IETM CBT MDCS,2024-12-17,2027-12-16,재확인,2026-02-28
경기도 성남시,주식회사 에이아이캔토크,김**,벤처투자유형,정보처리S/W,응용 소프트웨어 개발 및 공급업,게임과 메타버스에 사용하는 자율적으로 생각하고 행동하는 AI 캐릭터 엔진,2024-12-18,2027-12-17,신규,2026-02-28
경기도 성남시,주식회사 에이비웍스,김**,연구개발유형,정보처리S/W,응용 소프트웨어 개발 및 공급업,인공지능 기반의 3차원 골프 스윙 영상 분석 플랫폼과 영상 촬영용 고속정밀 카메라,2025-01-21,2028-01-20,신규,2026-02-28
경기도 성남시,주식회사 조은앱,이**,혁신성장유형,정보처리S/W,응용 소프트웨어 개발 및 공급업,모바일 어플리케이션,2024-12-26,2027-12-25,신규,2026-02-28
경기도 성남시,주식회사 경원이앤씨,권**,연구개발유형,연구개발서비스,기타 공학 연구개발업,CFD-ACE+/ MedeA SW 외,2024-12-07,2027-12-06,재확인,2026-02-28
경기도 성남시,한국그린바이오 주식회사,L**,혁신성장유형,제조업,커피 가공업,인스턴트커피,2024-12-31,2027-12-30,신규,2026-02-28
경기도 성남시,주식회사 테라젠바이오,"백**,고**",연구개발유형,연구개발서비스,의학 및 약학 연구개발업,유전체연구 및 분석,2025-01-12,2028-01-11,재확인,2026-02-28
경기도 성남시,주식회사 레미파크,김**,벤처투자유형,제조업,비디오 및 기타 영상기기 제조업,주차유도시스템,2024-12-03,2027-12-02,신규,2026-02-28
경기도 성남시,주식회사 메타비즈디자인,박**,연구개발유형,정보처리S/W,컴퓨터 프로그래밍 서비스업,설계 소프트웨어  개발,2025-12-30,2028-12-29,신규,2026-02-28
경기도 성남시,주식회사 긴트,김**,벤처투자유형,제조업,농업 및 임업용 기계 제조업,"긴트 Control, Connect, Cloud",2024-11-02,2027-11-01,재확인,2026-02-28
경기도 성남시,㈜스펠바인드 게임즈,정**,벤처투자유형,정보처리S/W,기타 게임 소프트웨어 개발 및 공급업,게임 소프웨어 개발,2024-12-10,2027-12-09,신규,2026-02-28
경기도 성남시,쎄스코,윤**,혁신성장유형,제조업,배전반 및 전기 자동제어반 제조업,의료 IT 시스템,2025-05-08,2028-05-07,신규,2026-02-28
경기도 성남시,주식회사 우노실리콘,"구**,임**",벤처투자유형,제조업,비메모리용 및 기타 전자집적회로 제조업,반도체 설계용역 및 제조,2024-12-17,2027-12-16,재확인,2026-02-28
경기도 성남시,주식회사 나노링크테크놀로지,권**,혁신성장유형,연구개발서비스,전기ㆍ전자공학 연구개발업,반도체 설계자산,2025-05-21,2028-05-20,신규,2026-02-28
경기도 성남시,(주)레듀텍,최**,혁신성장유형,정보처리S/W,포털 및 기타 인터넷 정보매개 서비스업,전자책 및 독서교육 콘텐츠,2025-01-05,2028-01-04,재확인,2026-02-28
경기도 성남시,주식회사 에스엔바이오사이언스,박**,벤처투자유형,연구개발서비스,의학 및 약학 연구개발업,의악품 연구개발,2025-01-11,2028-01-10,재확인,2026-02-28
경기도 성남시,주식회사 레이지버드,송**,연구개발유형,정보처리S/W,응용 소프트웨어 개발 및 공급업,피부 환부 영상처리 AI 솔루션,2025-03-12,2028-03-11,재확인,2026-02-28
경기도 성남시,(주)지바이오로직스,송**,벤처투자유형,연구개발서비스,의학 및 약학 연구개발업,"의약품개량신약 연구개발, 연구개발자문 및 용역",2024-12-17,2027-12-16,재확인,2026-02-28
경기도 성남시,(주)뉴딘콘텐츠,"노**,정**",혁신성장유형,제조업,비디오 및 기타 영상기기 제조업,"스크린야구 시뮬레이터, 스크린테니스 시뮬레이터",2025-01-07,2028-01-06,신규,2026-02-28
경기도 성남시,주식회사 알피,김**,벤처투자유형,정보처리S/W,응용 소프트웨어 개발 및 공급업,소프트웨어 및 서비스,2025-01-19,2028-01-18,재확인,2026-02-28
경기도 성남시,주식회사 올림포스네트웍스,원**,혁신성장유형,정보처리S/W,포털 및 기타 인터넷 정보매개 서비스업,플랫폼서비스,2024-12-31,2027-12-30,신규,2026-02-28
경기도 성남시,주식회사 제이원메디칼시스템,박**,혁신성장유형,제조업,방사선 장치 제조업,"골밀도측정기, 자기공명영상기기",2024-12-01,2027-11-30,재확인,2026-02-28
경기도 성남시,주식회사 타이니웨이브,이**,혁신성장유형,정보처리S/W,응용 소프트웨어 개발 및 공급업,스마트 센서 시스템 개발 외,2024-12-24,2027-12-23,신규,2026-02-28
경기도 성남시,㈜모백스,나**,혁신성장유형,정보처리S/W,응용 소프트웨어 개발 및 공급업,안전플랫폼 및 시설물,2024-12-31,2027-12-30,재확인,2026-02-28
경기도 성남시,(주)에듀캔버스,이**,혁신성장유형,기타,기타 교육지원 서비스업,교육sw,2024-12-24,2027-12-23,신규,2026-02-28
경기도 성남시,시티아이랩 주식회사,정**,혁신성장유형,정보처리S/W,응용 소프트웨어 개발 및 공급업,"응용 소프트웨어 개발 및 공급업,CCTV,비디오 및 기타 영상 기기 제조업,컴퓨터 프로그래밍 서비스업,데이터베이스 및 온라인 정보 제공업,그 외 기타 정보 서비",2024-11-17,2027-11-16,재확인,2026-02-28
경기도 성남시,오후두시랩 주식회사,"설**,오**",혁신성장유형,정보처리S/W,컴퓨터시스템 통합 자문 및 구축 서비스업,머신러닝 기반 데이터분석 플랫폼,2024-12-29,2027-12-28,재확인,2026-02-28
경기도 성남시,주식회사 운칠기삼,"김**,심**",벤처투자유형,정보처리S/W,데이터베이스 및 온라인정보 제공업,"온라인정보제공,소프트웨어 개발 및 공급",2024-12-24,2027-12-23,재확인,2026-02-28
경기도 성남시,세이프웨어 주식회사,배**,연구개발유형,제조업,전자감지장치 제조업,Wearable Safety Airbag,2025-01-23,2028-01-22,재확인,2026-02-28
경기도 성남시,이든덴탈(주),이**,벤처투자유형,도소매업,전자상거래 소매업,의료기기 ,2024-12-17,2027-12-16,신규,2026-02-28
경기도 성남시,주식회사 톤28,"박**,정**",벤처투자유형,도소매업,화장품 및 화장용품 도매업,"기초화장품,화장품 제조업,치약, 비누 및 기타 세제 제조업,표면광택제 및 실내가향제 제조업,표면 광택제 및 실내 가향제 제조업,전자상거래업,물리, 화학 및",2025-01-25,2028-01-24,재확인,2026-02-28
경기도 성남시,주식회사 알에프투디지털,윤**,벤처투자유형,정보처리S/W,시스템 소프트웨어 개발 및 공급업,차량용 인포테인먼트 솔루션 ,2025-01-16,2028-01-15,재확인,2026-02-28
경기도 성남시,아밀로이드솔루션㈜,장**,벤처투자유형,연구개발서비스,의학 및 약학 연구개발업,의약품 연구개발,2025-01-25,2028-01-24,재확인,2026-02-28
경기도 성남시,㈜자스텍엠,백**,혁신성장유형,제조업,컴퓨터 제조업,차량운행기록장치 및 플랫폼서비스,2024-11-14,2027-11-13,재확인,2026-02-28
경기도 성남시,(주)더헤리티 (TheHeriti Inc.),이**,벤처투자유형,제조업,화장품 제조업,화장품 제조 및 판매,2024-12-26,2027-12-25,신규,2026-02-28
경기도 성남시,(주)로보터스,문**,혁신성장유형,제조업,산업용 로봇 제조업,"로봇,로봇제품(부품,소프트웨어,응용장비) 제조/무역/전자상거래",2025-09-30,2028-09-29,재확인,2026-02-28
경기도 성남시,(주)하이브시스템,박**,혁신성장유형,제조업,비디오 및 기타 영상기기 제조업,LED DLP Cube,2024-11-17,2027-11-16,재확인,2026-02-28
경기도 성남시,룩씨스 주식회사,황**,혁신성장유형,제조업,그 외 기타 전자부품 제조업,UV패턴 coating AG코팅,2024-12-28,2027-12-27,재확인,2026-02-28
경기도 성남시,주식회사 피앤케이아트,박**,벤처투자유형,기타,그 외 기타 창작 및 예술관련 서비스업,"전시기획, 전시대행,액자제조",2024-12-26,2027-12-25,신규,2026-02-28
경기도 성남시,주식회사 아이피윈,이**,혁신성장유형,정보처리S/W,응용 소프트웨어 개발 및 공급업,플랫폼 소프트웨어 개발,2025-01-19,2028-01-18,재확인,2026-02-28
경기도 성남시,(주)플레인비트,김**,혁신성장유형,정보처리S/W,기타 정보기술 및 컴퓨터운영 관련 서비스업,"데이터 분석, 정보통신 컨설팅, 소프트웨어 개발 및 공급업, 자료 처리업, 학술 및 연구용역, 전문 기술 교육",2025-01-08,2028-01-07,신규,2026-02-28
경기도 성남시,새한테크놀로지(주),J**,연구개발유형,제조업,전동기 및 발전기 제조업,"신재생에너지장비 제조,판매",2025-01-31,2028-01-30,재확인,2026-02-28
경기도 성남시,주식회사 제트시티,김**,벤처투자유형,정보처리S/W,응용 소프트웨어 개발 및 공급업,실시간 데이터 기반 팝업스토어 정보 올인원 솔루션,2024-12-24,2027-12-23,신규,2026-02-28
경기도 성남시,㈜아르떼테크놀러지,정**,혁신성장유형,제조업,비메모리용 및 기타 전자집적회로 제조업,ASIC 칩,2025-01-02,2028-01-01,재확인,2026-02-28
경기도 성남시,주식회사 튠잇,송**,벤처투자유형,제조업,자동차용 신품 전기장치 제조업,디지털 차키 및 차량 IoT 부품,2024-12-17,2027-12-16,재확인,2026-02-28
경기도 성남시,지식시스템（주）KSTECInc．,이**,혁신성장유형,정보처리S/W,응용 소프트웨어 개발 및 공급업,소프트웨어 개발 공급 컨설팅SyncPlan APSRPAIBMAA)Dataiku DSSIBM SPSS 외),2025-02-01,2028-01-31,재확인,2026-02-28
경기도 성남시,비즈웨이브 주식회사,장**,혁신성장유형,정보처리S/W,응용 소프트웨어 개발 및 공급업,인공지능 초음파 카메라,2025-01-19,2028-01-18,재확인,2026-02-28
경기도 성남시,(주) 베노바이오,한**,연구개발유형,기타,"그 외 기타 분류 안된 전문, 과학 및 기술 서비스업",전문 과학 및 기술서비스,2024-12-02,2027-12-01,재확인,2026-02-28
경기도 성남시,주식회사 그라운드,하**,혁신성장유형,정보처리S/W,컴퓨터 프로그래밍 서비스업,응용소프트웨어,2025-02-19,2028-02-18,신규,2026-02-28
경기도 성남시,네메시스(주),왕**,벤처투자유형,제조업,기타 반도체소자 제조업,"반도체,수출입업(전자기기 및 자재),전자기기,무역업,기타 공학 연구개발업",2025-01-05,2028-01-04,재확인,2026-02-28
경기도 성남시,주식회사 라온텍,김**,벤처투자유형,제조업,비메모리용 및 기타 전자집적회로 제조업,"Microdisplay, RFIC&SoC",2025-02-05,2028-02-04,재확인,2026-02-28
경기도 성남시,주식회사 언브로,"박**,윤**",연구개발유형,정보처리S/W,시스템 소프트웨어 개발 및 공급업,"자동화(SCADA)에너지솔루션(EMS,FEMS,BMS등),에너지효율화시스템 및 시설구축",2025-01-05,2028-01-04,재확인,2026-02-28
경기도 성남시,㈜나연테크,강**,연구개발유형,정보처리S/W,컴퓨터 프로그래밍 서비스업,표준통관예정보고 시스템,2025-01-25,2028-01-24,재확인,2026-02-28
경기도 성남시,주식회사 와이즈케어,송**,혁신성장유형,정보처리S/W,데이터베이스 및 온라인정보 제공업,전자결제대행(P/G),2025-02-03,2028-02-02,재확인,2026-02-28
경기도 성남시,주식회사 캡틴스,김**,벤처투자유형,정보처리S/W,모바일 게임 소프트웨어 개발 및 공급업,모바일 게임,2024-12-22,2027-12-21,재확인,2026-02-28
경기도 성남시,(주)엘케이일레븐,박**,연구개발유형,제조업,배전반 및 전기 자동제어반 제조업,"전력 감시/제어/변환 시스템 개발 및 제작 공급업, 자동제어반, 계장(계측)제어장치,정보통신공사업,임베디드/시스템/응용 S/W 개발 및 공급업,시스템 엔지니어",2024-11-14,2027-11-13,재확인,2026-02-28
경기도 성남시,주식회사 더셀,하**,혁신성장유형,제조업,반도체 제조용 기계 제조업,Backbone,2025-01-05,2028-01-04,재확인,2026-02-28
경기도 성남시,주식회사 빔파트너스구조기술사사무소,김**,연구개발유형,기타,기타 엔지니어링 서비스업,엔지니어링기술서비스,2024-12-06,2027-12-05,재확인,2026-02-28
경기도 성남시,엠제이에듀 주식회사,"김**,정**",혁신성장유형,기타,컴퓨터 학원,컴퓨터 교육,2025-01-22,2028-01-21,신규,2026-02-28
경기도 성남시,앙뉴컴퍼니 주식회사,전**,혁신성장유형,제조업,구두류 제조업,신발,2025-01-08,2028-01-07,신규,2026-02-28
경기도 성남시,주식회사 라온안전,차**,연구개발유형,기타,"그 외 기타 분류 안된 전문, 과학 및 기술 서비스업",공정안전보고서 작성 및 평가업,2024-12-29,2027-12-28,재확인,2026-02-28
경기도 성남시,(주)한국주택정보,"유**,이**",벤처투자유형,정보처리S/W,시스템 소프트웨어 개발 및 공급업,건물관리 솔루션,2025-02-09,2028-02-08,재확인,2026-02-28
경기도 성남시,주식회사 에스디메드,박**,벤처투자유형,건설운수,일반 창고업,운수업/창고업,2025-01-08,2028-01-07,신규,2026-02-28
경기도 성남시,주식회사 파이브텍,김**,혁신성장유형,제조업,산업처리공정 제어장비 제조업,"원격감시제어기, 환경감시장치, 통합모니터링시스템, 교환설비, 통신선로, 구내통신설비, 배전설비 공사",2025-02-09,2028-02-08,재확인,2026-02-28
경기도 성남시,주식회사 스튜디오비사이드,류**,벤처투자유형,정보처리S/W,모바일 게임 소프트웨어 개발 및 공급업,모바일 게임 소프트웨어,2025-01-11,2028-01-10,재확인,2026-02-28
경기도 성남시,(주)유디엔에스,"김**,김**",연구개발유형,제조업,"기타 측정, 시험, 항해, 제어 및 정밀기기 제조업","IT솔루션, 비파괴센싱및계측장비 외",2024-12-22,2027-12-21,재확인,2026-02-28
경기도 성남시,주식회사 키브,"안**,김**",벤처투자유형,정보처리S/W,응용 소프트웨어 개발 및 공급업,영상처리 검사장치 및 센서,2025-01-05,2028-01-04,재확인,2026-02-28
경기도 성남시,주식회사 하나바스,이**,벤처투자유형,도소매업,그 외 기타 건축자재 도매업,타일 및 위생기 도소매,2025-01-15,2028-01-14,신규,2026-02-28
경기도 성남시,주식회사 알에스리햅,류**,혁신성장유형,연구개발서비스,의학 및 약학 연구개발업,"의학 및 약학 연구개발업,전기식 진단 및 요법 기기 제조업,정형 외과용 및 신체 보정용 기기 제조업,전자상거래 소매업,기타 공학 연구개발업",2025-01-05,2028-01-04,재확인,2026-02-28
경기도 성남시,에스비엔지니어링 주식회사,김**,연구개발유형,기타,건물 및 토목 엔지니어링 서비스업,"건축기술,토목 엔지니어링(SBARCH합성거더)/토목공사/연구개발",2025-01-12,2028-01-11,재확인,2026-02-28
경기도 성남시,㈜이에스텍,정**,혁신성장유형,제조업,배전반 및 전기 자동제어반 제조업,객실관리시스템,2024-12-15,2027-12-14,재확인,2026-02-28
경기도 성남시,스프링 주식회사,최**,벤처투자유형,기타,경영 컨설팅업,경영 컨설팅,2025-02-11,2028-02-10,신규,2026-02-28
경기도 성남시,디엑스솔루션 주식회사,박**,연구개발유형,정보처리S/W,응용 소프트웨어 개발 및 공급업,NPU기반 AI 칩셋,2025-04-01,2028-03-31,신규,2026-02-28
경기도 성남시,(주)밸리언트데이터,김**,혁신성장유형,정보처리S/W,응용 소프트웨어 개발 및 공급업,"소프트웨어 개발,공급/전자상거래/부동산 임대,매매/컴퓨터 프로그래밍/자료처리/고용알선,인력공급",2024-12-15,2027-12-14,재확인,2026-02-28
경기도 성남시,㈜그린칩스,홍**,혁신성장유형,제조업,비메모리용 및 기타 전자집적회로 제조업,MCU,2025-01-12,2028-01-11,재확인,2026-02-28
경기도 성남시,㈜에프에스솔루션,이**,혁신성장유형,정보처리S/W,컴퓨터 프로그래밍 서비스업,영상인식 SW,2025-01-27,2028-01-26,재확인,2026-02-28
경기도 성남시,한국메디코스 주식회사,김**,혁신성장유형,제조업,화장품 제조업,기초화장품,2025-01-08,2028-01-07,신규,2026-02-28
경기도 성남시,주식회사 길온,김**,벤처투자유형,정보처리S/W,응용 소프트웨어 개발 및 공급업,스마트인솔,2024-11-29,2027-11-28,재확인,2026-02-28
경기도 성남시,주식회사 제로원에이아이,송**,연구개발유형,정보처리S/W,시스템 소프트웨어 개발 및 공급업,인공지능 시스템 솔루션 및 로보어드바이저,2025-01-15,2028-01-14,재확인,2026-02-28
경기도 성남시,주식회사 모드니케어,박**,혁신성장유형,정보처리S/W,응용 소프트웨어 개발 및 공급업,소프트웨어 플랫폼,2025-03-05,2028-03-04,신규,2026-02-28
경기도 성남시,㈜포에버엔케이,오**,연구개발유형,연구개발서비스,의학 및 약학 연구개발업,세포치료제 바이오제품,2025-02-14,2028-02-13,재확인,2026-02-28
경기도 성남시,(주)큐렌스,김**,혁신성장유형,정보처리S/W,응용 소프트웨어 개발 및 공급업,"응용 소프트웨어 개발 및 공급업,컴퓨터 시스템 통합 자문 및 구축 서비스업,데이터베이스 및 온라인 정보 제공업,기타 정보 기술 및 컴퓨터 운영 관련 서비스업",2025-04-22,2028-04-21,신규,2026-02-28
경기도 성남시,주식회사 에이엘티,이**,벤처투자유형,제조업,기타 무선 통신장비 제조업,"통신기기,방송장비,비디오,영상기기 제조",2025-01-25,2028-01-24,재확인,2026-02-28
경기도 성남시,주식회사 플렉슬,권**,혁신성장유형,정보처리S/W,응용 소프트웨어 개발 및 공급업,플렉슬(노트 어플리케이션),2025-01-30,2028-01-29,재확인,2026-02-28
경기도 성남시,주식회사 페블스퀘어,이**,혁신성장유형,제조업,비메모리용 및 기타 전자집적회로 제조업,"음성인식 모듈 , 인공지능 솔루션 , Edge AI chip",2025-02-16,2028-02-15,재확인,2026-02-28
경기도 성남시,(주) 코텍,오**,혁신성장유형,제조업,그 외 기타 전자부품 제조업,각방온도조절시스템 외,2025-01-26,2028-01-25,재확인,2026-02-28
경기도 성남시,주식회사 아이콘캐스팅,황**,벤처투자유형,정보처리S/W,응용 소프트웨어 개발 및 공급업,글로벌 팬덤 플랫폼 피크닠(Picnic),2025-03-18,2028-03-17,신규,2026-02-28
경기도 성남시,핵사에너지 주식회사,고**,벤처투자유형,제조업,전동기 및 발전기 제조업,그래핀/BCN 투명 필름형 BIPV 패널 (태양광 패널),2025-02-05,2028-02-04,신규,2026-02-28
경기도 성남시,(주)립스,주**,혁신성장유형,기타,"그 외 기타 분류 안된 전문, 과학 및 기술 서비스업",전기저장시설 안전진단 보고서,2025-02-05,2028-02-04,신규,2026-02-28
경기도 성남시,블루필 주식회사,김**,벤처투자유형,제조업,기타 무선 통신장비 제조업,"기타 무선통신장비 및 관련기기,부품,전자제품 및 부품,액세서리,저작물, 컴퓨터 프로그램 등 제작",2025-02-22,2028-02-21,재확인,2026-02-28
경기도 성남시,주식회사 아이카,조**,연구개발유형,정보처리S/W,응용 소프트웨어 개발 및 공급업,"차량관제시스템, 커넥티드카솔루션",2025-02-23,2028-02-22,재확인,2026-02-28
경기도 성남시,주식회사 미래인테크놀러지,"민**,윤**",혁신성장유형,정보처리S/W,응용 소프트웨어 개발 및 공급업,"소프트웨어개발, 인사관리솔루션,큐피트HR인사평가시스템",2025-01-22,2028-01-21,신규,2026-02-28
경기도 성남시,주식회사 픽셀로,강**,벤처투자유형,정보처리S/W,시스템 소프트웨어 개발 및 공급업,소프트웨어 개발 및 공급,2025-02-08,2028-02-07,재확인,2026-02-28
경기도 성남시,주식회사 퍼뷸러스,유**,벤처투자유형,기타,시각 디자인업,"시각 디자인업,가죽제품 제조업,나무제품 제조업,종합 소매업,전자상거래 소매업,자연과학 및 공학 융합 연구개발업,경영 컨설팅업,애니메이션 영화 및 비디오물",2025-01-14,2028-01-13,신규,2026-02-28
경기도 성남시,주식회사 메이드인랩,서**,연구개발유형,제조업,비디오 및 기타 영상기기 제조업,"스마트홈 IoT  Device (월패드, AI Social Robot, 스마트 미러...)",2024-12-12,2027-12-11,재확인,2026-02-28
경기도 성남시,스포츠투아이 주식회사,김**,벤처투자유형,정보처리S/W,데이터베이스 및 온라인정보 제공업,응용 소프트웨어 개발 및 공급업,2025-01-22,2028-01-21,신규,2026-02-28
경기도 성남시,㈜아이티아이테크놀로지,K**,혁신성장유형,제조업,그 외 기타 의료용품 및 의약 관련제품 제조업,디지털 헬스케어 시스템,2025-05-21,2028-05-20,재확인,2026-02-28
경기도 성남시,(주)오비고,황**,벤처투자유형,정보처리S/W,컴퓨터시스템 통합 자문 및 구축 서비스업,"모바일, 차량용 소프트웨어 개발 공급",2025-02-08,2028-02-07,재확인,2026-02-28
경기도 성남시,주식회사 아이에이치더블유,K**,벤처투자유형,제조업,비메모리용 및 기타 전자집적회로 제조업,인공지능 반도체 개발 및 생산,2025-02-12,2028-02-11,신규,2026-02-28
경기도 성남시,비티컨설턴트 주식회사,최**,혁신성장유형,기타,건물 및 토목 엔지니어링 서비스업,"토목엔지니어,소프트웨어개발공급/정보통신공사/안전용품,건설기자재,컴퓨터주변기기 도소매",2025-02-09,2028-02-08,재확인,2026-02-28
경기도 성남시,(주)헬리콘스튜디오,"임**,이**",혁신성장유형,기타,시각 디자인업,그래픽 외주,2025-02-18,2028-02-17,신규,2026-02-28
경기도 성남시,주식회사 이파피루스,김**,벤처투자유형,정보처리S/W,시스템 소프트웨어 개발 및 공급업,소프트웨어,2025-02-09,2028-02-08,재확인,2026-02-28
경기도 성남시,주식회사 로노,손**,혁신성장유형,연구개발서비스,의학 및 약학 연구개발업,"식품, 화장품",2025-02-19,2028-02-18,신규,2026-02-28
경기도 성남시,(주)와이디생명과학,이**,연구개발유형,연구개발서비스,의학 및 약학 연구개발업,당뇨병성 황반부종치료제 폐암유전자치료제,2025-02-23,2028-02-22,재확인,2026-02-28
경기도 성남시,바이오플러스㈜,정**,벤처투자유형,제조업,그 외 기타 의료용 기기 제조업,조직수복용생체재료(히알루론산 필러)&quot;와 &quot;심부체강창상피복재(유착방지제),2025-01-16,2028-01-15,재확인,2026-02-28
경기도 성남시,(주)에스엠플래닛,조**,혁신성장유형,정보처리S/W,응용 소프트웨어 개발 및 공급업,"응용 소프트웨어 개발 및 공급업,전자상거래 소매업,전자상거래 소매 중개업,컴퓨터 시스템 통합 자문 및 구축 서비스업,컴퓨터 프로그래밍 서비스업,데이터베이",2025-03-02,2028-03-01,재확인,2026-02-28
경기도 성남시,밍글랩 주식회사,박**,벤처투자유형,정보처리S/W,응용 소프트웨어 개발 및 공급업,애플리케이션,2025-02-12,2028-02-11,신규,2026-02-28
경기도 성남시,(주)밝은세상,"최**,최**",연구개발유형,제조업,기타 구조용 금속제품 제조업,"가로등, 태양광발전설비",2025-02-05,2028-02-04,재확인,2026-02-28
경기도 성남시,주식회사 보강에스티,강**,혁신성장유형,제조업,주방용 전기기기 제조업,음식물처리기,2025-03-02,2028-03-01,재확인,2026-02-28
경기도 성남시,주식회사 니즈,박**,벤처투자유형,정보처리S/W,응용 소프트웨어 개발 및 공급업,소프트웨어 개발 및 공급업,2025-02-07,2028-02-06,재확인,2026-02-28
경기도 성남시,(주)더 우리샵,강**,혁신성장유형,정보처리S/W,호스팅 및 관련 서비스업,소프트웨어개발,2025-04-23,2028-04-22,재확인,2026-02-28
경기도 성남시,주식회사 테트라시그넘,전**,혁신성장유형,정보처리S/W,응용 소프트웨어 개발 및 공급업,"소프트웨어 자문,개발,공급,헬스케어켄텐츠 개발/연구 개발,공공 관계,교육/정밀,광학기기 제조",2025-02-13,2028-02-12,재확인,2026-02-28
경기도 성남시,주식회사 오픈시스넷,최**,혁신성장유형,정보처리S/W,응용 소프트웨어 개발 및 공급업,소프트웨어 개발,2025-01-11,2028-01-10,재확인,2026-02-28
경기도 성남시,에스지디지털㈜,강**,혁신성장유형,제조업,일반용 전기 조명장치 제조업,LED조명기기 ,2025-07-30,2028-07-29,재확인,2026-02-28
경기도 성남시,(주)창성에이스산업,"이**,김**",혁신성장유형,제조업,반도체 제조용 기계 제조업,"반도체장비안전소화시스템,반도체유해물질누액감지시스템,빅데이터기반불꽃감지시스템,스마트무선방재시스템,수동밸브자동Acyuator 제조",2025-02-22,2028-02-21,재확인,2026-02-28
경기도 성남시,㈜엔디씨에스,정**,연구개발유형,정보처리S/W,응용 소프트웨어 개발 및 공급업,전자해도,2025-02-18,2028-02-17,재확인,2026-02-28
경기도 성남시,주식회사 에스에스엘(SSL),박**,혁신성장유형,정보처리S/W,기타 정보기술 및 컴퓨터운영 관련 서비스업,데이터 품질관리 툴킷,2025-02-25,2028-02-24,재확인,2026-02-28
경기도 성남시,주식회사 텍쎈,최**,혁신성장유형,제조업,그 외 기타 전자부품 제조업,"반도체, 통신모듈, 소프트웨어",2025-02-23,2028-02-22,재확인,2026-02-28
경기도 성남시,주식회사 로보비즈코어,방**,연구개발유형,제조업,기타 전기 변환장치 제조업,서보모터/드라이브,2025-03-09,2028-03-08,재확인,2026-02-28
경기도 성남시,(주)온전히,이**,벤처투자유형,정보처리S/W,응용 소프트웨어 개발 및 공급업,모바일 어플리케이션 오늘집밥 외,2025-01-12,2028-01-11,재확인,2026-02-28
경기도 성남시,주식회사 아이오티즈,백**,혁신성장유형,정보처리S/W,응용 소프트웨어 개발 및 공급업,리눅스 기반 범용 통신 허브,2025-01-26,2028-01-25,재확인,2026-02-28
경기도 성남시,(주)디알텍,안**,벤처투자유형,제조업,그 외 기타 의료용 기기 제조업,"의료용기기(디지털엑스레이 디텍터) 제조/의료장비부품 도소매/X-RAY DETECTOR 개발,정보제공",2025-02-20,2028-02-19,재확인,2026-02-28
경기도 성남시,리벨리온 주식회사,박**,벤처투자유형,제조업,비메모리용 및 기타 전자집적회로 제조업,인공지능 반도체,2025-02-04,2028-02-03,신규,2026-02-28
경기도 성남시,포그라운드(주),한**,벤처투자유형,정보처리S/W,데이터베이스 및 온라인정보 제공업,"모바일 앱 개발, 플랫폼 서비스",2025-02-09,2028-02-08,재확인,2026-02-28
경기도 성남시,주식회사 넥써쓰,김**,벤처투자유형,정보처리S/W,모바일 게임 소프트웨어 개발 및 공급업,모바일 및 콘솔 게임 소프트웨어,2025-02-16,2028-02-15,재확인,2026-02-28
경기도 성남시,(주)호재에프에스,조**,혁신성장유형,제조업,가금류 가공 및 저장 처리업,육류 및 포장 가공업,2025-02-18,2028-02-17,신규,2026-02-28
경기도 성남시,(주) 자람테크놀로지,백**,벤처투자유형,제조업,비메모리용 및 기타 전자집적회로 제조업,통신반도체,2025-01-24,2028-01-23,재확인,2026-02-28
경기도 성남시,주식회사 로메이징,유**,혁신성장유형,기타,온라인 교육 학원,"부모 유아용 영어 스피킹 앱 개발, 영어교육 강의/자료/책 판매, 교육 영상콘텐츠 제작",2025-03-04,2028-03-03,신규,2026-02-28
경기도 성남시,주식회사 문다,신**,벤처투자유형,도소매업,전자상거래 소매 중개업,연주 서비스,2025-03-04,2028-03-03,신규,2026-02-28
경기도 성남시,피치인터랙티브 주식회사,조**,벤처투자유형,정보처리S/W,기타 게임 소프트웨어 개발 및 공급업,브라우져 익스텐션 프로그램 개발 및 운영,2025-02-19,2028-02-18,신규,2026-02-28
경기도 성남시,미노코,송**,혁신성장유형,정보처리S/W,컴퓨터 프로그래밍 서비스업,원단 맵핑 프로그램 / 의류 이미지 자동생성 프로그램 / 의류공장 주문 제작 상황공유 시스템,2025-02-18,2028-02-17,신규,2026-02-28
경기도 성남시,주식회사 모큐라텍,박**,연구개발유형,연구개발서비스,전기ㆍ전자공학 연구개발업,ESS(에너지저장장치)용 BMS 설계 및 제조,2025-02-09,2028-02-08,재확인,2026-02-28
경기도 성남시,주식회사 오퍼스원,김**,벤처투자유형,제조업,그 외 기타 달리 분류되지 않은 제품 제조업,스마트우산등,2024-12-15,2027-12-14,재확인,2026-02-28
경기도 성남시,제이피바이오 주식회사,김**,연구개발유형,연구개발서비스,의학 및 약학 연구개발업,의약품,2025-03-13,2028-03-12,재확인,2026-02-28
경기도 성남시,(주)지엘비이,유**,연구개발유형,제조업,운송장비용 이차전지 제조업,"리튬이온전지소재,생활면세품,배터리, 문구　및　생활용품,배터리, 문구　및　생활용품",2025-02-09,2028-02-08,재확인,2026-02-28
경기도 성남시,주식회사 원세이버스,"박**,김**",혁신성장유형,제조업,변압기 제조업,전력절감장치,2025-02-25,2028-02-24,신규,2026-02-28
경기도 성남시,주식회사 원그램,정**,혁신성장유형,정보처리S/W,모바일 게임 소프트웨어 개발 및 공급업,모바일 게임,2025-03-16,2028-03-15,재확인,2026-02-28
경기도 성남시,실리콘알엔디㈜,어**,연구개발유형,기타,기타 엔지니어링 서비스업,유무선 통신칩 및 모듈,2025-02-16,2028-02-15,재확인,2026-02-28
경기도 성남시,㈜아미팜,이**,연구개발유형,연구개발서비스,의학 및 약학 연구개발업,연구개발,2025-03-16,2028-03-15,재확인,2026-02-28
경기도 성남시,주식회사 덱사스튜디오,최**,혁신성장유형,정보처리S/W,유선 온라인 게임 소프트웨어 개발 및 공급업,게임,2025-02-18,2028-02-17,신규,2026-02-28
경기도 성남시,주식회사 나로테크,이**,혁신성장유형,제조업,금속 성형기계 제조업,"기구설계 개발 , 특주전동스테이지 , 특주메뉴얼스테이지 , 자동엑츄에이터 , 에어실린더",2025-01-12,2028-01-11,재확인,2026-02-28
경기도 성남시,(주) 가우스텍,최**,연구개발유형,제조업,기타 무선 통신장비 제조업,무인항공기 RF모듈외,2025-02-05,2028-02-04,재확인,2026-02-28
경기도 성남시,(주)하이큐브시스템,김**,혁신성장유형,정보처리S/W,응용 소프트웨어 개발 및 공급업,액체감지센서,2025-03-17,2028-03-16,재확인,2026-02-28
경기도 성남시,코아스템켐온 (주),양**,연구개발유형,제조업,기초 의약 물질 제조업,줄기세포치료제 제조,2025-03-16,2028-03-15,재확인,2026-02-28
경기도 성남시,주식회사 앤오픈,이**,혁신성장유형,제조업,비디오 및 기타 영상기기 제조업,생체인식 단말기 및  솔루션,2025-02-13,2028-02-12,재확인,2026-02-28
경기도 성남시,아이존,장**,혁신성장유형,제조업,그 외 기타 달리 분류되지 않은 제품 제조업,눈운동기(시력회복운동기),2025-01-26,2028-01-25,재확인,2026-02-28
경기도 성남시,주식회사 티디에스테크,홍**,혁신성장유형,기타,"기타 기술 시험, 검사 및 분석업","공간정보 관련 엔지니어링 서비스업,컴퓨터 시스템 통합 자문 및 구축 서비스업,응용 소프트웨어 개발 및 공급업,자료 처리업,기타 정보 기술 및 컴퓨터 운영 관",2025-02-27,2028-02-26,재확인,2026-02-28
경기도 성남시,(주)지란지교시큐리티,조**,연구개발유형,정보처리S/W,응용 소프트웨어 개발 및 공급업,"소프트웨어 개발,공급,자료처리,SI사업,하드웨어,광고대행/소프트웨어패키지 제조/정보통신공사/전자상거래",2025-02-26,2028-02-25,재확인,2026-02-28
경기도 성남시,주식회사 필메디,이**,벤처투자유형,제조업,그 외 기타 의료용 기기 제조업, 체외진단의료기기 ,2025-02-19,2028-02-18,재확인,2026-02-28
경기도 성남시,주식회사 플루토,전**,연구개발유형,기타,"그 외 기타 분류 안된 전문, 과학 및 기술 서비스업","의약품 연구 설팅업, 의료기기",2025-02-26,2028-02-25,신규,2026-02-28
경기도 성남시,주식회사 알앤쇼핑,"정**,라**",혁신성장유형,도소매업,그 외 기타 생활용품 도매업,"생활용품,화장품,전자상거래업,해외직구대행업",2025-02-23,2028-02-22,재확인,2026-02-28
경기도 성남시,주식회사 비바엔에스,김**,연구개발유형,정보처리S/W,시스템 소프트웨어 개발 및 공급업,"RPA 솔루션, APM 솔루션, 스마트팜 솔루션, 데이터센터관리솔루션",2025-02-18,2028-02-17,재확인,2026-02-28
경기도 성남시,(주)엠아이웨어,강**,연구개발유형,정보처리S/W,응용 소프트웨어 개발 및 공급업,소프트웨어 임베디드소프트웨어,2025-02-24,2028-02-23,재확인,2026-02-28
경기도 성남시,주식회사 메뉴톡,김**,벤처투자유형,정보처리S/W,시스템 소프트웨어 개발 및 공급업,태블릿 무인 주문 시스템,2025-02-09,2028-02-08,재확인,2026-02-28
경기도 성남시,주식회사 라온시스,정**,혁신성장유형,제조업,배전반 및 전기 자동제어반 제조업,"계장제어장치, 빌딩자동제어장치, 소프트웨어개발",2025-02-23,2028-02-22,재확인,2026-02-28
경기도 성남시,주식회사 자연과사람,이**,혁신성장유형,제조업,그 외 기타 전자부품 제조업,터치입력기능의 고휘도 LCD모듈,2025-03-25,2028-03-24,재확인,2026-02-28
경기도 성남시,케이와이케이김영귀환원수㈜,김**,혁신성장유형,제조업,그 외 기타 전기장비 제조업,알카리이온수기수소수기,2025-03-04,2028-03-03,재확인,2026-02-28
경기도 성남시,플렉스 주식회사,장**,벤처투자유형,정보처리S/W,응용 소프트웨어 개발 및 공급업,"소프트웨어 개발,경영 컨설팅/전자상거래",2025-01-30,2028-01-29,재확인,2026-02-28
경기도 성남시,주식회사 티맥스티베로,"이**,박**",연구개발유형,정보처리S/W,응용 소프트웨어 개발 및 공급업,"소프트웨어(데이터베이스구축,관리) 개발,공급/통신판매",2025-03-23,2028-03-22,재확인,2026-02-28
경기도 성남시,티니스튜디오 주식회사,채**,연구개발유형,정보처리S/W,모바일 게임 소프트웨어 개발 및 공급업,모바일게임,2025-02-27,2028-02-26,재확인,2026-02-28
경기도 성남시,제이에스아이실리콘㈜,정**,혁신성장유형,제조업,그 외 기타 분류 안된 화학제품 제조업,실리콘,2025-03-31,2028-03-30,재확인,2026-02-28
경기도 성남시,멍대 주식회사,허**,혁신성장유형,제조업,단미 사료 및 기타 사료 제조업,"반려동물 간식, 영양제 등",2025-03-18,2028-03-17,신규,2026-02-28
경기도 성남시,주식회사 나스카랩,이**,혁신성장유형,정보처리S/W,컴퓨터시스템 통합 자문 및 구축 서비스업,고객센터 프로그램 개발 및 공급,2025-03-20,2028-03-19,재확인,2026-02-28
경기도 성남시,다섯시,김**,연구개발유형,정보처리S/W,응용 소프트웨어 개발 및 공급업,AI 산업 검사 소프트웨어,2025-03-19,2028-03-18,신규,2026-02-28
경기도 성남시,㈜제노레이,박**,혁신성장유형,제조업,방사선 장치 제조업,"의료용 디지털 엑스레이 진단기기(C-ARM, MAMMO, DENTAL CT)",2025-02-28,2028-02-27,재확인,2026-02-28
경기도 성남시,(주)에너테크,박**,벤처투자유형,제조업,변압기 제조업,배전용 변압기 및 절전기,2025-03-28,2028-03-27,재확인,2026-02-28
경기도 성남시,도원기술㈜,김**,혁신성장유형,제조업,그 외 기타 전기장비 제조업,Flame scanner,2025-03-10,2028-03-09,재확인,2026-02-28
경기도 성남시,슈어모빌리티 주식회사,김**,벤처투자유형,정보처리S/W,응용 소프트웨어 개발 및 공급업,퍼스널 모빌리티를 위한 공유 플랫폼,2025-10-14,2028-10-13,재확인,2026-02-28
경기도 성남시,㈜대한지오이엔씨,김**,혁신성장유형,건설운수,"보링, 그라우팅 및 관정 공사업",보링그라우팅토공,2025-02-22,2028-02-21,재확인,2026-02-28
경기도 성남시,(주)조양메디칼인더스트리,이**,혁신성장유형,제조업,그 외 기타 의료용 기기 제조업,의료기기,2025-02-22,2028-02-21,재확인,2026-02-28
경기도 성남시,㈜세이프티아,서**,연구개발유형,정보처리S/W,응용 소프트웨어 개발 및 공급업,공학용 S/W 개발,2025-02-21,2028-02-20,재확인,2026-02-28
경기도 성남시,(주)오리엔트전자,장**,연구개발유형,제조업,기타 전기 변환장치 제조업,전원공급장치,2025-02-25,2028-02-24,재확인,2026-02-28
경기도 성남시,영일엠㈜,문**,혁신성장유형,제조업,그 외 기타 의료용 기기 제조업,정형용교정장치,2025-02-24,2028-02-23,재확인,2026-02-28
경기도 성남시,(주)웰랑,최**,연구개발유형,제조업,비메모리용 및 기타 전자집적회로 제조업,"Amp IC,조명용 LED Driver IC",2025-03-11,2028-03-10,재확인,2026-02-28
경기도 성남시,(주)마이트로,이**,연구개발유형,정보처리S/W,응용 소프트웨어 개발 및 공급업,CTI_CRM프로그램,2025-03-11,2028-03-10,재확인,2026-02-28
경기도 성남시,주식회사 쏠라페,홍**,혁신성장유형,제조업,일반용 전기 조명장치 제조업,LED 조명,2025-03-18,2028-03-17,재확인,2026-02-28
경기도 성남시,바인트리(주),김**,벤처투자유형,정보처리S/W,응용 소프트웨어 개발 및 공급업,정보통신,2025-02-26,2028-02-25,신규,2026-02-28
경기도 성남시,주식회사 온마이뎁,박**,벤처투자유형,정보처리S/W,응용 소프트웨어 개발 및 공급업,SaaS,2025-04-06,2028-04-05,재확인,2026-02-28
경기도 성남시,주식회사 하람아이,진**,연구개발유형,정보처리S/W,응용 소프트웨어 개발 및 공급업,그룹웨어시스템,2025-07-22,2028-07-21,신규,2026-02-28
경기도 성남시,에이플라 주식회사,이**,벤처투자유형,정보처리S/W,응용 소프트웨어 개발 및 공급업,AI 솔루션,2025-03-05,2028-03-04,신규,2026-02-28
경기도 성남시,샌드부스터 주식회사,"우**,김**",연구개발유형,건설운수,일반 창고업,"물류서비스,컨설팅,자동화설비 제조유통",2025-03-10,2028-03-09,재확인,2026-02-28
경기도 성남시,(주)프로젝트치킨,이**,혁신성장유형,도소매업,신발 도매업,신발,2025-03-11,2028-03-10,신규,2026-02-28
경기도 성남시,주식회사아보메드,"박**,임**",벤처투자유형,연구개발서비스,의학 및 약학 연구개발업,"의학,약품 연구개발",2025-02-27,2028-02-26,재확인,2026-02-28
경기도 성남시,리자드스무디 주식회사,심**,벤처투자유형,정보처리S/W,컴퓨터 프로그래밍 서비스업,컴퓨터 게임,2025-03-04,2028-03-03,신규,2026-02-28
경기도 성남시,주식회사 세미나노연구센터,조**,혁신성장유형,제조업,그 외 기타 분류 안된 화학제품 제조업,"에칭솔루션,나노미세구조표면처리용제",2025-12-17,2028-12-16,재확인,2026-02-28
경기도 성남시,"주식회사 셀라토즈테라퓨틱스(CELLATOZ THERAPEUTICS,INC.)",임**,벤처투자유형,연구개발서비스,의학 및 약학 연구개발업,세포치료제,2025-02-19,2028-02-18,재확인,2026-02-28
경기도 성남시,㈜스마트레이더시스템,김**,벤처투자유형,제조업,그 외 기타 전자부품 제조업,산업용 및 자동차용 이미지 레이더센서,2025-03-22,2028-03-21,재확인,2026-02-28
경기도 성남시,보윙 주식회사,오**,혁신성장유형,정보처리S/W,응용 소프트웨어 개발 및 공급업,"응용 소프트웨어 개발 및 공급업,포털 및 기타 인터넷 정보 매개 서비스업,데이터베이스 및 온라인 정보 제공업,광고 대행업,광고 매체 판매업",2025-02-16,2028-02-15,재확인,2026-02-28
경기도 성남시,(주)큐라코,이**,벤처투자유형,제조업,그 외 기타 특수목적용 기계 제조업,배설케어돌봄로봇,2025-03-03,2028-03-02,재확인,2026-02-28
경기도 성남시,(주)피에이엔지니어링,최**,혁신성장유형,제조업,배전반 및 전기 자동제어반 제조업,전력감시시스템 보호배전반 보호계전기,2025-03-10,2028-03-09,재확인,2026-02-28
경기도 성남시,주식회사 오건에코텍,박**,혁신성장유형,제조업,정형외과용 및 신체보정용 기기 제조업,의료기기,2025-03-23,2028-03-22,재확인,2026-02-28
경기도 성남시,(주)인비보텍,홍**,혁신성장유형,기타,"그 외 기타 분류 안된 전문, 과학 및 기술 서비스업",유전자분석독성시험개인 맞춤형 건강기능식품의약품 연구개발,2025-03-18,2028-03-17,재확인,2026-02-28
경기도 성남시,디메드 유한책임회사,구**,혁신성장유형,제조업,그 외 기타 의료용품 및 의약 관련제품 제조업,의료기기,2025-03-25,2028-03-24,재확인,2026-02-28
경기도 성남시,주식회사 디케이사이언스,권**,혁신성장유형,제조업,동물용 의약품 제조업,동물용의약외품,2025-03-25,2028-03-24,신규,2026-02-28
경기도 성남시,주식회사 엔닷라이트,박**,벤처투자유형,정보처리S/W,응용 소프트웨어 개발 및 공급업,3D CAD 소프트웨어,2025-03-12,2028-03-11,재확인,2026-02-28
경기도 성남시,주식회사 네오바이오,홍**,혁신성장유형,연구개발서비스,농림수산학 및 수의학 연구개발업,과수화상병 즉시진단키트,2025-07-09,2028-07-08,신규,2026-02-28
경기도 성남시,(주)브레인벤쳐스,김**,연구개발유형,정보처리S/W,응용 소프트웨어 개발 및 공급업,소프트웨어 개발 및 공급업,2025-04-14,2028-04-13,재확인,2026-02-28
경기도 성남시,(주)레이저옵텍,"주**,이**",벤처투자유형,제조업,전기식 진단 및 요법 기기 제조업,레이저장비 제조,2025-03-03,2028-03-02,재확인,2026-02-28
경기도 성남시,한국선불카드 주식회사,소**,혁신성장유형,정보처리S/W,응용 소프트웨어 개발 및 공급업,"소프트웨어자문, 개발 및 공급",2025-04-14,2028-04-13,재확인,2026-02-28
경기도 성남시,주식회사 마이스터즈,천**,혁신성장유형,정보처리S/W,시스템 소프트웨어 개발 및 공급업,A/S플랫폼,2025-02-09,2028-02-08,재확인,2026-02-28
경기도 성남시,주식회사 황초원,최**,혁신성장유형,제조업,차류 가공업,도라지 차음료,2025-01-22,2028-01-21,재확인,2026-02-28
경기도 성남시,이알티엔지니어링(주),전**,혁신성장유형,기타,기타 엔지니어링 서비스업,철도차량 TPS / 기술용역,2025-04-14,2028-04-13,재확인,2026-02-28
경기도 성남시,주식회사 인이지(Ineeji),최**,벤처투자유형,정보처리S/W,응용 소프트웨어 개발 및 공급업,"AI 기반의 공정최적화, 품질예측, 고장진단 등을 위한 솔루션",2025-04-01,2028-03-31,재확인,2026-02-28
경기도 성남시,㈜자스텍,김**,혁신성장유형,제조업,그 외 기타 일반목적용 기계 제조업,도로부하검사용차대동력계 운행차용 배출가스측정기매연측정기외,2025-03-09,2028-03-08,재확인,2026-02-28
경기도 성남시,(주) 지오엑스퍼트그룹,정**,혁신성장유형,기타,건물 및 토목 엔지니어링 서비스업,"터널설계, 스마트지하수제어시스템, 변형제어굴착기술",2025-04-15,2028-04-14,신규,2026-02-28
경기도 성남시,주식회사 센서뷰,김**,연구개발유형,제조업,기타 절연선 및 케이블 제조업,"T&M 케이블,초소형 전송선로 제조/전기,전자부품 도소매,무역/부동산 임대",2025-02-18,2028-02-17,재확인,2026-02-28
경기도 성남시,패스테크㈜,박**,혁신성장유형,제조업,기타 무선 통신장비 제조업,락커락도어락,2025-04-06,2028-04-05,재확인,2026-02-28
경기도 성남시,옵티시스 주식회사,신**,연구개발유형,제조업,유선 통신장비 제조업,디지털영상신호 광전송제품,2025-03-27,2028-03-26,재확인,2026-02-28
경기도 성남시,스냅태그 주식회사,민**,벤처투자유형,정보처리S/W,컴퓨터 프로그래밍 서비스업,디지털워터마크 개발 적용,2025-03-02,2028-03-01,재확인,2026-02-28
경기도 성남시,주식회사 클라우다이크,이**,혁신성장유형,정보처리S/W,응용 소프트웨어 개발 및 공급업,클라우다이크,2025-03-07,2028-03-06,재확인,2026-02-28
경기도 성남시,주식회사 비카누스,이**,혁신성장유형,정보처리S/W,응용 소프트웨어 개발 및 공급업,"Roboscan, TSLoom",2025-04-20,2028-04-19,재확인,2026-02-28
경기도 성남시,주식회사 이노큐어테라퓨틱스,Y**,벤처투자유형,기타,"그 외 기타 분류 안된 전문, 과학 및 기술 서비스업",의약품개발,2025-04-03,2028-04-02,재확인,2026-02-28
경기도 성남시,주식회사 트라이매스,김**,혁신성장유형,제조업,그 외 기타 콘크리트 제품 및 유사제품 제조업,친환경 콘크리트 소재,2025-04-08,2028-04-07,신규,2026-02-28
경기도 성남시,주식회사 하이퍼센트,김**,혁신성장유형,정보처리S/W,유선 온라인 게임 소프트웨어 개발 및 공급업,온라인 PC 게임,2025-03-25,2028-03-24,신규,2026-02-28
경기도 성남시,주식회사 이너프미디어,박**,혁신성장유형,정보처리S/W,응용 소프트웨어 개발 및 공급업,전시관 체험형 SW개발,2025-04-21,2028-04-20,재확인,2026-02-28
경기도 성남시,주식회사 에이앤오,이**,벤처투자유형,제조업,모조 귀금속 및 모조 장신용품 제조업,청소용품,2025-03-19,2028-03-18,신규,2026-02-28
경기도 성남시,(주)메타시스템즈,오**,연구개발유형,제조업,치과용 기기 제조업,치과용 의료기기,2025-05-08,2028-05-07,재확인,2026-02-28
경기도 성남시,주식회사 에프팔육이,최**,벤처투자유형,기타,사업 및 무형 재산권 중개업,스톡 콘텐츠,2025-03-26,2028-03-25,신규,2026-02-28
경기도 성남시,코츠테크놀로지(주),조**,혁신성장유형,제조업,컴퓨터 제조업,"싱글보드컴퓨터(SBC),군용 전시기 제조",2025-02-20,2028-02-19,재확인,2026-02-28
경기도 성남시,주식회사 호각,전**,혁신성장유형,기타,방송 프로그램 제작업,방송컨텐츠제작,2025-05-20,2028-05-19,신규,2026-02-28
경기도 성남시,시큐레터 주식회사,정**,벤처투자유형,도소매업,"컴퓨터 및 주변장치, 소프트웨어 도매업",정보보안 소프트웨어 개발 및 연구업,2025-03-10,2028-03-09,재확인,2026-02-28
경기도 성남시,동서메디케어주식회사,김**,혁신성장유형,제조업,그 외 기타 의료용 기기 제조업,의료기기,2025-04-22,2028-04-21,재확인,2026-02-28
경기도 성남시,(주)레노소프트,안**,혁신성장유형,정보처리S/W,컴퓨터 프로그래밍 서비스업,소프트웨어 개발,2025-04-09,2028-04-08,재확인,2026-02-28
경기도 성남시,㈜브릭,김**,혁신성장유형,정보처리S/W,응용 소프트웨어 개발 및 공급업,SW개발,2025-02-17,2028-02-16,재확인,2026-02-28
경기도 성남시,주식회사에이티지,임**,연구개발유형,기타,기타 엔지니어링 서비스업,자산경영예측정비 엔지니어링교육컨설팅,2025-04-24,2028-04-23,재확인,2026-02-28
경기도 성남시,주식회사 엔플러그,김**,연구개발유형,제조업,기타 무선 통신장비 제조업,Home IoT  스마트 무드등 IR HUB,2025-03-25,2028-03-24,재확인,2026-02-28
경기도 성남시,주식회사 브랜미,김**,혁신성장유형,기타,온라인 활용 마케팅 및 관련 사업지원 서비스업,"퍼스널브랜딩 컨텐츠제공, 퍼스널브랜딩, 스타일추천, 미디어컨텐츠 창작업, 강의매니지먼트, 뷰티제품커머스",2025-07-23,2028-07-22,신규,2026-02-28
경기도 성남시,주식회사 엘텍,임**,혁신성장유형,제조업,"기타 측정, 시험, 항해, 제어 및 정밀기기 제조업",INNO(Microplate reader),2025-04-16,2028-04-15,재확인,2026-02-28
경기도 성남시,주식회사 하마다랩스,방**,혁신성장유형,정보처리S/W,응용 소프트웨어 개발 및 공급업,AI,2025-04-15,2028-04-14,신규,2026-02-28
경기도 성남시,주식회사 더케이컴퍼니,김**,벤처투자유형,연구개발서비스,의학 및 약학 연구개발업,화장품 인체적용시험 연구개발,2025-03-18,2028-03-17,신규,2026-02-28
경기도 성남시,(주) 동인지테크,김**,혁신성장유형,기타,건물 및 토목 엔지니어링 서비스업,"토목엔지니어링/건축자재 도소매,임대",2025-04-02,2028-04-01,재확인,2026-02-28
경기도 성남시,주식회사수인테크,김**,연구개발유형,제조업,"물질 검사, 측정 및 분석기구 제조업",유량계,2025-04-23,2028-04-22,재확인,2026-02-28
경기도 성남시,㈜롤텍,조**,혁신성장유형,정보처리S/W,응용 소프트웨어 개발 및 공급업,OTP개발,2025-03-14,2028-03-13,재확인,2026-02-28
경기도 성남시,(주)제프,노**,벤처투자유형,정보처리S/W,응용 소프트웨어 개발 및 공급업,응용소프트웨어개발업,2025-02-09,2028-02-08,재확인,2026-02-28
경기도 성남시,주식회사 라니팩토리,배**,혁신성장유형,제조업,그 외 기타 의복액세서리 제조업,"염주,단주, 차걸이, 목걸이, 키링 , 피규어등 불교관련 굿즈 제작",2025-05-29,2028-05-28,신규,2026-02-28
경기도 성남시,(주)오렌지아이,황**,혁신성장유형,정보처리S/W,시스템 소프트웨어 개발 및 공급업,제조 연구.개발 데이터 솔루션,2025-03-20,2028-03-19,재확인,2026-02-28
경기도 성남시,엑시나 주식회사 (XCENA Inc.),김**,벤처투자유형,기타,"그 외 기타 분류 안된 전문, 과학 및 기술 서비스업",전자집적회로 설계 (시스템 반도체 설계),2025-04-27,2028-04-26,재확인,2026-02-28
경기도 성남시,㈜제제컴즈,김**,혁신성장유형,정보처리S/W,응용 소프트웨어 개발 및 공급업,모바일 앱,2026-01-06,2029-01-05,재확인,2026-02-28
경기도 성남시,주식회사 제이원,채**,연구개발유형,기타,건물 및 토목 엔지니어링 서비스업,"실내장식 인테리어필름 도소매, 시공, 관련 소프트웨어 개발 및 공급, 관련 하드웨어 개발 및 제조, 인터넷 및 통신 판매 등 ",2025-03-16,2028-03-15,재확인,2026-02-28
경기도 성남시,㈜디엑솜,최**,벤처투자유형,제조업,그 외 기타 의료용품 및 의약 관련제품 제조업,체외진단시약,2025-03-06,2028-03-05,재확인,2026-02-28
경기도 성남시,주식회사 퀄리타스반도체,김**,연구개발유형,제조업,비메모리용 및 기타 전자집적회로 제조업,광통신용 반도체 집적회로,2025-04-17,2028-04-16,재확인,2026-02-28
경기도 성남시,미디어젠㈜,송**,혁신성장유형,정보처리S/W,응용 소프트웨어 개발 및 공급업,음성인식 소프트웨어,2025-02-09,2028-02-08,재확인,2026-02-28
경기도 성남시,주식회사 아이피에스바이오,송**,벤처투자유형,연구개발서비스,의학 및 약학 연구개발업,줄기세포치료제 및 신약개발,2025-03-26,2028-03-25,재확인,2026-02-28
경기도 성남시,유앤아이환경기술㈜,신**,연구개발유형,기타,물질성분 검사 및 분석업,환경오염물질측정분석,2025-04-09,2028-04-08,재확인,2026-02-28
경기도 성남시,㈜아와소프트,김**,혁신성장유형,정보처리S/W,응용 소프트웨어 개발 및 공급업,소프트웨어개발,2025-03-02,2028-03-01,재확인,2026-02-28
경기도 성남시,헬스온클라우드(주),박**,벤처투자유형,정보처리S/W,시스템 소프트웨어 개발 및 공급업,"시스템,소프트웨어 개발,공급,컴퓨터 시스템 통합자문,구축,관리,자료처리/무역/여행사/컨설팅",2025-05-04,2028-05-03,재확인,2026-02-28
경기도 성남시,(주)하이드로넷,박**,연구개발유형,제조업,"전자기 측정, 시험 및 분석기구 제조업","수질모니터링센서,자료수집전송장치",2025-04-17,2028-04-16,재확인,2026-02-28
경기도 성남시,주식회사 마이크로디지탈,김**,연구개발유형,제조업,"물질 검사, 측정 및 분석기구 제조업",바이오메디컬 광학 측정 장비,2025-03-09,2028-03-08,재확인,2026-02-28
경기도 성남시,(주)상승엔지니어링종합건축사사무소,"임**,조**",연구개발유형,기타,건축설계 및 관련 서비스업,"건축설계 및 건축사, 학술.연구용역, 기계설비 설계,감리",2025-07-08,2028-07-07,신규,2026-02-28
경기도 성남시,(주)내츄럴엔도텍,김**,연구개발유형,연구개발서비스,"물리, 화학 및 생물학 연구개발업","백수오 여성호르몬제,백수오등복합추출물(원료) 개발",2025-05-03,2028-05-02,재확인,2026-02-28
경기도 성남시,(주)비씨엠피,신**,연구개발유형,기타,건물 및 토목 엔지니어링 서비스업,"엔지니어링, 컨설팅",2025-03-21,2028-03-20,재확인,2026-02-28
경기도 성남시,티엘바이오 주식회사,신**,벤처투자유형,제조업,그 외 기타 의료용 기기 제조업,의료기기,2025-04-08,2028-04-07,신규,2026-02-28
경기도 성남시,주식회사 피앤엠,최**,혁신성장유형,제조업,기타 인쇄관련 산업,위조 방지용 보안 필름,2025-04-09,2028-04-08,신규,2026-02-28
경기도 성남시,주식회사 리트리버,이**,혁신성장유형,정보처리S/W,응용 소프트웨어 개발 및 공급업,지식 그래프,2025-04-16,2028-04-15,신규,2026-02-28
경기도 성남시,주식회사 엠마헬스케어,손**,혁신성장유형,제조업,그 외 기타 의료용 기기 제조업,"AI 디지털헬스케어기기, AI SW, 의료기기",2025-04-11,2028-04-10,재확인,2026-02-28
경기도 성남시,노보렉스 주식회사,손**,벤처투자유형,연구개발서비스,의학 및 약학 연구개발업,저분자 신약 후보 물질 ,2025-05-07,2028-05-06,재확인,2026-02-28
경기도 성남시,주식회사 딥네츄럴,박**,벤처투자유형,정보처리S/W,응용 소프트웨어 개발 및 공급업,DeepNatural AI,2025-03-12,2028-03-11,재확인,2026-02-28
경기도 성남시,주식회사 트라이포드랩,이**,벤처투자유형,정보처리S/W,컴퓨터시스템 통합 자문 및 구축 서비스업,컴퓨터 시스템 통합 자문 및 구축 서비스업,2025-06-18,2028-06-17,재확인,2026-02-28
경기도 성남시,(주)승화기술,"박**,최**",연구개발유형,기타,건물 및 토목 엔지니어링 서비스업,도시인프라자산관리플랫폼낙석감시시스템등,2025-03-26,2028-03-25,재확인,2026-02-28
경기도 성남시,주식회사 제이스에프아이,정**,혁신성장유형,제조업,기타 식품 첨가물 제조업,"식품첨가물 (천연색소,향료,시럽,보존제, 안정제 등)",2025-04-13,2028-04-12,재확인,2026-02-28
경기도 성남시,주식회사 비엘,김**,연구개발유형,제조업,"물질 검사, 측정 및 분석기구 제조업",측정기기제조업,2025-03-13,2028-03-12,재확인,2026-02-28
경기도 성남시,(주)엔아이티코리아,전**,혁신성장유형,제조업,산업용 송풍기 및 배기장치 제조업,전기집진기,2025-05-10,2028-05-09,재확인,2026-02-28
경기도 성남시,㈜바이오뷰텍,김**,혁신성장유형,제조업,화장품 제조업,화장품원료화장품,2025-03-19,2028-03-18,재확인,2026-02-28
경기도 성남시,(주)테크윈시스템,김**,연구개발유형,제조업,배전반 및 전기 자동제어반 제조업,"원격감시제어기기,프로세스제어반,프로그래머블로직컨트롤러,영상감시장치　및 CCTV,항공기,우주선및보조장치,컴퓨터 및 주변장치, 컴퓨터서버,전기변환장치,수",2025-04-29,2028-04-28,재확인,2026-02-28
경기도 성남시,주식회사 알로이스,신**,혁신성장유형,제조업,방송장비 제조업,안드로이드 OTT 디바이스,2025-04-07,2028-04-06,재확인,2026-02-28
경기도 성남시,(주)엔에스데블,이**,혁신성장유형,정보처리S/W,컴퓨터 프로그래밍 서비스업,UBTSBTUBL,2025-05-04,2028-05-03,재확인,2026-02-28
경기도 성남시,주식회사 제이씨이소프트,박**,연구개발유형,정보처리S/W,응용 소프트웨어 개발 및 공급업,"교통/영상 솔루션, 스마트카드/전자결제, 모바일플랫폼 구축 및 서비스, 챗봇/AI ",2025-03-16,2028-03-15,재확인,2026-02-28
경기도 성남시,㈜이노피아테크,"장**,김**",벤처투자유형,제조업,방송장비 제조업,"차세대 셋톱박스, IoT 허브 단말 등",2025-04-17,2028-04-16,재확인,2026-02-28
경기도 성남시,㈜지냅스,김**,연구개발유형,정보처리S/W,시스템 소프트웨어 개발 및 공급업,차량용 전장품,2025-04-13,2028-04-12,재확인,2026-02-28
경기도 성남시,주식회사 잠보,윤**,혁신성장유형,정보처리S/W,응용 소프트웨어 개발 및 공급업,소셜 네트워크 서비스 플랫폼 (SNS),2025-04-30,2028-04-29,신규,2026-02-28
경기도 성남시,링크페이스 주식회사,임**,벤처투자유형,제조업,전기식 진단 및 요법 기기 제조업,생체신호 센서 및 웨어러블 디바이스,2025-04-12,2028-04-11,재확인,2026-02-28
경기도 성남시,주식회사 온투로직,황**,연구개발유형,정보처리S/W,시스템 소프트웨어 개발 및 공급업,반도체 설계 및 공급,2025-04-29,2028-04-28,신규,2026-02-28
경기도 성남시,주식회사 핀스텝,허**,혁신성장유형,정보처리S/W,시스템 소프트웨어 개발 및 공급업,사용자의 행동패턴을 분석 및 분류할 수 있는 AI 서버 시스템,2025-04-22,2028-04-21,신규,2026-02-28
경기도 성남시,"주식회사 이노시그널(InnoSignal Co.,Ltd)",황**,연구개발유형,제조업,"전자기 측정, 시험 및 분석기구 제조업","기계 결함진단모듈, 신호측정모듈",2025-04-16,2028-04-15,재확인,2026-02-28
경기도 성남시,주식회사 요필,김**,혁신성장유형,정보처리S/W,시스템 소프트웨어 개발 및 공급업,"커머스 플랫폼, App 서비스",2025-04-15,2028-04-14,재확인,2026-02-28
경기도 성남시,주식회사 트리니티퍼니처,강**,혁신성장유형,제조업,침구 및 관련제품 제조업, 난연 및  방수 매트리스커버 (침구류),2025-04-22,2028-04-21,신규,2026-02-28
경기도 성남시,주식회사 에이모,오**,벤처투자유형,정보처리S/W,데이터베이스 및 온라인정보 제공업,머신러닝 학습데이터,2025-04-29,2028-04-28,재확인,2026-02-28
경기도 성남시,주식회사 엘앤씨바이오,이**,혁신성장유형,제조업,그 외 기타 의료용품 및 의약 관련제품 제조업,인체조직 가공 의료기기 화장품,2025-05-17,2028-05-16,재확인,2026-02-28
경기도 성남시,주식회사 엠투엠테크,김**,혁신성장유형,정보처리S/W,응용 소프트웨어 개발 및 공급업,엘사 지능형 IoT 게이트웨이,2025-04-25,2028-04-24,재확인,2026-02-28
경기도 성남시,(주)티라로보틱스,"김**,김**",혁신성장유형,제조업,산업용 로봇 제조업,자율주행이송로봇(AMR),2025-05-04,2028-05-03,재확인,2026-02-28
경기도 성남시,(주)엠테이크,조**,연구개발유형,제조업,비디오 및 기타 영상기기 제조업,열화상카메라,2025-04-20,2028-04-19,재확인,2026-02-28
경기도 성남시,(주)제이피케어즈,최**,혁신성장유형,제조업,그 외 기타 의료용 기기 제조업,그 외 기타 의료용 기기 제조업,2025-06-17,2028-06-16,재확인,2026-02-28
경기도 성남시,주식회사 대우씨앤엠,여**,연구개발유형,건설운수,포장 공사업,특허,2025-05-14,2028-05-13,재확인,2026-02-28
경기도 성남시,주식회사 단꿈아이,"설**,장**",벤처투자유형,정보처리S/W,응용 소프트웨어 개발 및 공급업,"디지털콘텐츠 제작 및 유통, 문화컨텐츠 개발, 어플리케이션 개발, 소프트웨어개발 및 공급",2025-03-26,2028-03-25,재확인,2026-02-28
경기도 성남시,동아로보틱스(주),강**,혁신성장유형,제조업,디지털 적층 성형기계 제조업,건설용 로봇 3D 프린터,2025-06-24,2028-06-23,신규,2026-02-28
경기도 성남시,주식회사 지오드사운드,김**,벤처투자유형,제조업,기타 음향기기 제조업,정자기식 초고해상도 스피커 드라이버,2025-03-23,2028-03-22,재확인,2026-02-28
경기도 성남시,주식회사 케이존,김**,혁신성장유형,정보처리S/W,응용 소프트웨어 개발 및 공급업,전자상거래 스마트물류 솔루션(SW),2025-04-20,2028-04-19,재확인,2026-02-28
경기도 성남시,(주)태영엠앤에프,박**,연구개발유형,제조업,기체 여과기 제조업,"제연기, 흡연부스, 필터",2025-05-09,2028-05-08,재확인,2026-02-28
경기도 성남시,㈜스포메틱스,정**,벤처투자유형,제조업,화장품 제조업,화장품,2025-04-23,2028-04-22,재확인,2026-02-28
경기도 성남시,(주)마고,고**,벤처투자유형,정보처리S/W,응용 소프트웨어 개발 및 공급업,음성 및 언어 AI 엔진,2025-07-17,2028-07-16,신규,2026-02-28
경기도 성남시,(주)그리드위즈,김**,혁신성장유형,기타,"그 외 기타 분류 안된 전문, 과학 및 기술 서비스업",수요관리 서비스/전기차 충전기 모뎀 등,2025-04-21,2028-04-20,재확인,2026-02-28
경기도 성남시,주식회사 태스콘,강**,혁신성장유형,제조업,속도계 및 적산계기 제조업,원격검침시스템및관련기기,2025-04-03,2028-04-02,재확인,2026-02-28
경기도 성남시,주식회사 게임듀오,"최**,송**",혁신성장유형,정보처리S/W,모바일 게임 소프트웨어 개발 및 공급업,모바일 게임,2025-04-13,2028-04-12,재확인,2026-02-28
경기도 성남시,주식회사 컨트롤나인,"조**,권**",연구개발유형,정보처리S/W,모바일 게임 소프트웨어 개발 및 공급업,모바일 게임,2025-05-07,2028-05-06,신규,2026-02-28
경기도 성남시,㈜누리인포스,허**,혁신성장유형,정보처리S/W,컴퓨터시스템 통합 자문 및 구축 서비스업,anyworksPRM,2025-04-12,2028-04-11,재확인,2026-02-28
경기도 성남시,주식회사 리퍼럴링크,유**,벤처투자유형,제조업,화장품 제조업,화장품,2025-03-16,2028-03-15,재확인,2026-02-28
경기도 성남시,주식회사 다리소프트(Dareesoft Inc.),"정**,노**",벤처투자유형,정보처리S/W,응용 소프트웨어 개발 및 공급업,인공지능 도로위험정보 서비스,2025-04-21,2028-04-20,재확인,2026-02-28
경기도 성남시,에스피바이오텍 주식회사,이**,혁신성장유형,기타,환경 관련 엔지니어링 서비스업,가축분뇨처리 설비 및 비료제조,2025-05-26,2028-05-25,재확인,2026-02-28
경기도 성남시,디에이치케이솔루션(주),최**,혁신성장유형,제조업,전기전자 및 정밀기기 수리업,Wafer Back Grinding용 Wheel,2025-03-21,2028-03-20,재확인,2026-02-28
경기도 성남시,주식회사 우보환경시스템,정**,혁신성장유형,기타,환경 관련 엔지니어링 서비스업,환경모니터링 측정기기 시스템,2025-06-04,2028-06-03,신규,2026-02-28
경기도 성남시,주식회사 파이젠,박**,혁신성장유형,연구개발서비스,기타 자연과학 연구개발업,유전체 정보 분석 서비스,2025-04-19,2028-04-18,재확인,2026-02-28
경기도 성남시,(주)아이랩,"허**,오**",연구개발유형,연구개발서비스,의학 및 약학 연구개발업,류마티스관절염 치료제,2025-04-26,2028-04-25,재확인,2026-02-28
경기도 성남시,주식회사 글로베인,박**,연구개발유형,제조업,비메모리용 및 기타 전자집적회로 제조업,디지털라디오 수신용 SoC,2025-03-03,2028-03-02,재확인,2026-02-28
경기도 성남시, ㈜피플인넷,김**,혁신성장유형,정보처리S/W,컴퓨터 프로그래밍 서비스업,차량 전시품 시스템 개발 외,2025-04-25,2028-04-24,재확인,2026-02-28
경기도 성남시,주식회사 에이아이젠,이**,연구개발유형,제조업,그 외 기타 의료용 기기 제조업,분자진단시약 및 장비,2025-04-27,2028-04-26,재확인,2026-02-28
경기도 성남시,블루그린링크㈜,최**,연구개발유형,기타,환경 관련 엔지니어링 서비스업,초기우수처리시설,2025-04-16,2028-04-15,재확인,2026-02-28
경기도 성남시,어웰주식회사,김**,벤처투자유형,정보처리S/W,컴퓨터시스템 통합 자문 및 구축 서비스업,메타버스플랫폼,2025-05-14,2028-05-13,신규,2026-02-28
경기도 성남시,큐비콤(주),최**,연구개발유형,정보처리S/W,응용 소프트웨어 개발 및 공급업,무선망품질측정장비,2025-05-26,2028-05-25,재확인,2026-02-28
경기도 성남시,주식회사 제이엘스탠다드,조**,혁신성장유형,정보처리S/W,컴퓨터 프로그래밍 서비스업,컨텐츠 외,2025-04-06,2028-04-05,재확인,2026-02-28
경기도 성남시,다담마이크로(주),전**,벤처투자유형,제조업,컴퓨터 제조업,홈네트워크월패드 공기청정기,2025-05-02,2028-05-01,재확인,2026-02-28
경기도 성남시,(주)이노웰,채**,연구개발유형,제조업,반도체 제조용 기계 제조업,산업용 메인보드(메모리테스트장비),2025-06-03,2028-06-02,재확인,2026-02-28
경기도 성남시,(주)플랜티넷,김**,연구개발유형,정보처리S/W,컴퓨터 프로그래밍 서비스업,유해콘텐츠차단서비스,2025-06-03,2028-06-02,재확인,2026-02-28
경기도 성남시,넥스트비전(주),홍**,혁신성장유형,제조업,비디오 및 기타 영상기기 제조업,영상유뮤선통신장비,2025-03-07,2028-03-06,재확인,2026-02-28
경기도 성남시,팩컴코리아 주식회사,김**,혁신성장유형,제조업,경 인쇄업,각종 인쇄물 및 출판물,2025-08-13,2028-08-12,신규,2026-02-28
경기도 성남시,(주)엠투엠솔루션,"조**,강**",혁신성장유형,정보처리S/W,시스템 소프트웨어 개발 및 공급업,소프트웨어하드웨어,2025-05-31,2028-05-30,재확인,2026-02-28
경기도 성남시,주식회사 아이스기술,강**,혁신성장유형,제조업,"산업용 오븐, 노 및 노용 버너 제조업",수평연소 저 녹스버너 외,2025-05-07,2028-05-06,재확인,2026-02-28
경기도 성남시,주식회사 빌드앤뷰티,이**,벤처투자유형,도소매업,의료기기 도매업,의료기기도소매,2025-05-08,2028-05-07,신규,2026-02-28
경기도 성남시,주식회사 코링스,한**,혁신성장유형,제조업,기타 주변기기 제조업,"IOT제품(온도관리,온습도관리,카운터관리,인체감지시스템등)",2025-05-14,2028-05-13,신규,2026-02-28
경기도 성남시,상트네어바이오사이언스(주),양**,연구개발유형,제조업,그 외 기타 의료용품 및 의약 관련제품 제조업,"의약품 개발,생산,판매,수출입",2025-05-11,2028-05-10,재확인,2026-02-28
경기도 성남시,㈜로드반,김**,혁신성장유형,제조업,유선 통신장비 제조업,CCTVCATV통신공사주차관제,2025-05-16,2028-05-15,재확인,2026-02-28
경기도 성남시,(주)티앤디소프트,최**,혁신성장유형,정보처리S/W,컴퓨터시스템 통합 자문 및 구축 서비스업,웹안전도검사시스템,2025-06-08,2028-06-07,재확인,2026-02-28
경기도 성남시,퓨쳐메디신 주식회사,"정**,정**",벤처투자유형,연구개발서비스,의학 및 약학 연구개발업,비알콜성지방간염치료제,2025-06-08,2028-06-07,재확인,2026-02-28
경기도 성남시,에어돔건설엔지니어링(주),정**,혁신성장유형,건설운수,기타 비주거용 건물 건설업,에어돔,2025-05-18,2028-05-17,재확인,2026-02-28
경기도 성남시,주식회사 스프링 소프트,서**,혁신성장유형,정보처리S/W,응용 소프트웨어 개발 및 공급업,해피테이블,2025-06-08,2028-06-07,재확인,2026-02-28
경기도 성남시,주식회사 폴앤마크,최**,혁신성장유형,기타,기타 교육지원 서비스업,위탁교육훈련 IT모바일플랫폼개발,2025-05-14,2028-05-13,재확인,2026-02-28
경기도 성남시,주식회사 셀라메스,조**,혁신성장유형,연구개발서비스,전기ㆍ전자공학 연구개발업,세포 특성 평가를 위한 세포 칩과 분석 시스템,2025-06-02,2028-06-01,재확인,2026-02-28
경기도 성남시,주식회사 아이로브,정**,혁신성장유형,정보처리S/W,시스템 소프트웨어 개발 및 공급업,소프트웨어개발,2025-07-08,2028-07-07,재확인,2026-02-28
경기도 성남시,주식회사 스마일랩,송**,벤처투자유형,제조업,그 외 기타 의료용 기기 제조업,임신준비임신출산육아 어플리케이션,2025-05-07,2028-05-06,재확인,2026-02-28
경기도 성남시,(주)네오와인,이**,연구개발유형,정보처리S/W,컴퓨터 프로그래밍 서비스업,"소프트개발 및 공급,컴퓨터및주변기기,반도체,전자계측기,무역,전자상거래, 통신판매업,임대,컴퓨터시스템통합자문,소프트웨어개발공급및전자기록물",2025-04-23,2028-04-22,재확인,2026-02-28
경기도 성남시,(주)플로우테크,성**,혁신성장유형,제조업,전자감지장치 제조업,누액.누출감지시스템,2025-05-31,2028-05-30,재확인,2026-02-28
경기도 성남시,코어인사이트(주),유**,연구개발유형,제조업,반도체 제조용 기계 제조업,정전기제어제품,2025-05-11,2028-05-10,재확인,2026-02-28
경기도 성남시,(주)로거테크,양**,연구개발유형,제조업,"전자기 측정, 시험 및 분석기구 제조업",진동계측센서및 데이터로거,2025-04-09,2028-04-08,재확인,2026-02-28
경기도 성남시,주식회사 올리브텍,임**,연구개발유형,제조업,기억장치 제조업,대용량 특수 WORM 저장장치,2025-05-22,2028-05-21,재확인,2026-02-28
경기도 성남시,보이스캐디엑스(주),심**,벤처투자유형,정보처리S/W,응용 소프트웨어 개발 및 공급업,모바일앱 개발 및 공급,2025-05-20,2028-05-19,신규,2026-02-28
경기도 성남시,엠케이메디텍 주식회사,문**,벤처투자유형,제조업,치과용 기기 제조업,치과교정용 구개확장장치,2025-07-02,2028-07-01,신규,2026-02-28
경기도 성남시,주식회사 지씨에스,김**,혁신성장유형,제조업,그 외 기타 의료용 기기 제조업,의료기기 및 미용기기,2025-05-27,2028-05-26,재확인,2026-02-28
경기도 성남시,주식회사 알프래드,권**,벤처투자유형,제조업,그 외 기타 분류 안된 비금속 광물제품 제조업,반려동물용품,2025-05-15,2028-05-14,재확인,2026-02-28
경기도 성남시,주식회사 블루웍스,송**,혁신성장유형,정보처리S/W,응용 소프트웨어 개발 및 공급업,"통신장비,스마트그리드 외",2025-05-25,2028-05-24,재확인,2026-02-28
경기도 성남시,도우디지텍 주식회사,김**,연구개발유형,제조업,배전반 및 전기 자동제어반 제조업,배전반및자동제어반,2025-05-16,2028-05-15,재확인,2026-02-28
경기도 성남시,(주) 아이앤씨테크놀로지,박**,연구개발유형,제조업,비메모리용 및 기타 전자집적회로 제조업,PLC 칩 & PLC-AMI 모뎀 / Wi-Fi(802.11n) 칩 & 모듈 등,2025-05-10,2028-05-09,재확인,2026-02-28
경기도 성남시,(주) 엑시콘,"박**,최**",연구개발유형,제조업,반도체 제조용 기계 제조업,반도체검사장비,2025-04-23,2028-04-22,재확인,2026-02-28
경기도 성남시,주식회사 서울예스바이오,김**,혁신성장유형,도소매업,의약품 및 의료용품 소매업,"세포치료제, 세포보관서비스",2025-05-20,2028-05-19,신규,2026-02-28
경기도 성남시,주식회사 비트센싱,"이**,이**",벤처투자유형,연구개발서비스,전기ㆍ전자공학 연구개발업,"보안,교통,자율주행,각종레이더,센서 개발,도소매",2025-04-26,2028-04-25,재확인,2026-02-28
경기도 성남시,주식회사 그랫,진**,혁신성장유형,정보처리S/W,응용 소프트웨어 개발 및 공급업,응용 소프트웨어 개발 및 공급업,2025-05-25,2028-05-24,재확인,2026-02-28
경기도 성남시,주식회사 프롬프트팩토리,남**,혁신성장유형,정보처리S/W,포털 및 기타 인터넷 정보매개 서비스업,디지털 콘텐츠 제작 및 서비스,2026-02-24,2029-02-23,신규,2026-02-28
경기도 성남시,알지노믹스 주식회사,이**,벤처투자유형,연구개발서비스,의학 및 약학 연구개발업,"인체질환치료제,진단제 연구개발,연구용역,진단용,유전자재조합의약품 연구개발",2025-05-24,2028-05-23,재확인,2026-02-28
경기도 성남시,크래프트아이디 주식회사,박**,혁신성장유형,제조업,그 외 기타 전자부품 제조업,"스마트인디케이터, RFID장비 외",2025-05-18,2028-05-17,재확인,2026-02-28
경기도 성남시,위드테크놀로지 주식회사,이**,연구개발유형,정보처리S/W,시스템 소프트웨어 개발 및 공급업,소프트웨어 개발 및 자문,2025-04-22,2028-04-21,재확인,2026-02-28
경기도 성남시,주식회사 서울칩,한**,벤처투자유형,제조업,기타 곡물 가공품 제조업,쌀과자,2025-12-23,2028-12-22,신규,2026-02-28
경기도 성남시,(주)테크노매트릭스,임**,벤처투자유형,정보처리S/W,컴퓨터시스템 통합 자문 및 구축 서비스업,"컴퓨터 시스템 통합 자문 및 구축 서비스업,연구개발업,경영 컨설팅 및 공공관계서비스업,교육지원 서비스업",2025-06-08,2028-06-07,재확인,2026-02-28
경기도 성남시,젠스웰(주),이**,혁신성장유형,제조업,그 외 자동차용 신품 부품 제조업,"차량부품,차량편의시스템 제조/소프트웨어 개발,공급",2025-06-08,2028-06-07,재확인,2026-02-28
경기도 성남시,소프트플로우 주식회사,소**,연구개발유형,정보처리S/W,응용 소프트웨어 개발 및 공급업,"응용 소프트웨어 개발 및 공급업,컴퓨터시스템 통합 자문 및 구축 서비스업,컴퓨터시설 관리업,컴퓨터 프로그래밍 서비스업,시스템 소프트웨어 개발 및 공급업,",2025-06-22,2028-06-21,재확인,2026-02-28
경기도 성남시,세컨드퀘스트 주식회사,김**,연구개발유형,정보처리S/W,모바일 게임 소프트웨어 개발 및 공급업,모바일 게임 소프트웨어 개발 및 유통 ,2025-05-27,2028-05-26,신규,2026-02-28
경기도 성남시,(주)쏘우웨이브,신**,연구개발유형,제조업,기타 무선 통신장비 제조업,"통신기기및방송장비,무역업,소프트웨어개발　및　공급,학술연구용역",2025-05-24,2028-05-23,재확인,2026-02-28
경기도 성남시,주식회사 코어테크,이**,혁신성장유형,제조업,방사선 장치 제조업,"자기공명영상의료기(MRI) 및 초음파, 골밀도측정기",2025-08-14,2028-08-13,재확인,2026-02-28
경기도 성남시,주식회사 에프원미디어,정**,혁신성장유형,제조업,그 외 기타 전자부품 제조업,무선통신부품(모듈),2025-05-11,2028-05-10,재확인,2026-02-28
경기도 성남시,주식회사 테라시온바이오메디칼,김**,혁신성장유형,제조업,그 외 기타 의료용품 및 의약 관련제품 제조업,국소지혈용품,2025-06-23,2028-06-22,재확인,2026-02-28
경기도 성남시,(주)매치플래닛,송**,벤처투자유형,기타,그 외 기타 스포츠 서비스업,스포츠 매니지먼트,2025-05-20,2028-05-19,신규,2026-02-28
경기도 성남시,(주)오엔에스커뮤니케이션,이**,연구개발유형,정보처리S/W,컴퓨터 프로그래밍 서비스업,소프트웨어,2025-04-22,2028-04-21,재확인,2026-02-28
경기도 성남시,로빅스주식회사,김**,혁신성장유형,제조업,산업용 로봇 제조업,CNC Controller,2025-05-23,2028-05-22,재확인,2026-02-28
경기도 성남시,㈜이루온,"이**,이**",혁신성장유형,정보처리S/W,응용 소프트웨어 개발 및 공급업,"유,무선 통신솔루션(HLR, IBCF 등)",2025-06-03,2028-06-02,재확인,2026-02-28
경기도 성남시,(주) 이젝스,유**,연구개발유형,제조업,그 외 기타 전자부품 제조업,IoT 기반  AI 연동 제품 개발 및 에너지 절감 서비스,2025-07-01,2028-06-30,재확인,2026-02-28
경기도 성남시,주식회사 리빌더에이아이,김**,벤처투자유형,정보처리S/W,컴퓨터 프로그래밍 서비스업,컴퓨터 프로그래밍 서비스,2025-05-25,2028-05-24,재확인,2026-02-28
경기도 성남시,주식회사 러스,용**,혁신성장유형,기타,경영 컨설팅업,"반려동물의 행동연구 기술과 저탄소 제조를 기반으로 한,  반려동물용 디퓨저,  반려동물용 유산균 샴푸, 반려동물용 탈취제 ",2025-06-24,2028-06-23,신규,2026-02-28
경기도 성남시,주식회사 피벗게임즈,이**,벤처투자유형,정보처리S/W,모바일 게임 소프트웨어 개발 및 공급업,모바일게임,2025-06-26,2028-06-25,재확인,2026-02-28
경기도 성남시,주식회사 티엔젠,심**,혁신성장유형,제조업,기타 무선 통신장비 제조업,구간암호화 모듈 및 단말기,2025-06-22,2028-06-21,재확인,2026-02-28
경기도 성남시,(주)마이다스아이티,"정**,정**",연구개발유형,정보처리S/W,응용 소프트웨어 개발 및 공급업,공학용 S/W,2025-07-01,2028-06-30,재확인,2026-02-28
경기도 성남시,주식회사 크램,김**,벤처투자유형,정보처리S/W,응용 소프트웨어 개발 및 공급업,잼플 Jamful,2025-05-28,2028-05-27,신규,2026-02-28
경기도 성남시,주식회사 엔알,전**,혁신성장유형,도소매업,기타 화학물질 및 화학제품 도매업,PET,2025-07-08,2028-07-07,신규,2026-02-28
경기도 성남시,주식회사 비에이템,강**,혁신성장유형,정보처리S/W,응용 소프트웨어 개발 및 공급업,RPA 솔루션(BATEM),2025-05-20,2028-05-19,재확인,2026-02-28
경기도 성남시,(주) 휴인스,송**,연구개발유형,제조업,무인 항공기 및 무인 비행장치 제조업,"SoC,임베디드,반도체설계검증,드론",2025-05-29,2028-05-28,재확인,2026-02-28
경기도 성남시,(주)넥스챌,장**,혁신성장유형,정보처리S/W,시스템 소프트웨어 개발 및 공급업,"소프트웨어개발,컴퓨터,방송장비및CCTV,출입통제시스템　컨틀롤러류,방송수신기및기타영상음향,정보통신공사,전기공사,컴퓨터및주변기기,통신판매",2025-04-30,2028-04-29,재확인,2026-02-28
경기도 성남시,(주)판도플랫폼,정**,벤처투자유형,정보처리S/W,그 외 기타 정보 서비스업,AI콜주문배달 서비스플랫폼 외식업관련 중개서비스플랫폼,2025-04-28,2028-04-27,재확인,2026-02-28
경기도 성남시,주식회사 포스솔루션,장**,혁신성장유형,제조업,과자류 및 코코아 제품 제조업,쿠키,2025-06-24,2028-06-23,신규,2026-02-28
경기도 성남시,(주)카멜테크놀러지,김**,혁신성장유형,제조업,기타 반도체소자 제조업,전자부품,2025-06-30,2028-06-29,재확인,2026-02-28
경기도 성남시,주식회사 라이프비,차**,벤처투자유형,제조업,그 외 기타 식료품 제조업,"기타가공품, 체중조절용 조제식품",2025-05-20,2028-05-19,신규,2026-02-28
경기도 성남시,쉬프트정보통신 주식회사,최**,연구개발유형,정보처리S/W,응용 소프트웨어 개발 및 공급업,"소프트웨어 자문, 개발 및 공급(GAUCE,  InnoXync, XENA외) 등",2025-06-30,2028-06-29,재확인,2026-02-28
경기도 성남시,주식회사 에이치에스엔,이**,벤처투자유형,제조업,기타 직물제품 제조업,기능성 방호 소재,2025-06-22,2028-06-21,재확인,2026-02-28
경기도 성남시,(주)픽셀플러스,이**,연구개발유형,제조업,기타 반도체소자 제조업,이미지센서,2025-06-30,2028-06-29,재확인,2026-02-28
경기도 성남시,주식회사 올댓에코,정**,혁신성장유형,정보처리S/W,기타 정보기술 및 컴퓨터운영 관련 서비스업,탄소중립 서비스 플랫폼 시스템 ,2025-06-18,2028-06-17,신규,2026-02-28
경기도 성남시,(주)인터엑스소프트,고**,혁신성장유형,정보처리S/W,시스템 소프트웨어 개발 및 공급업,ECAD 소프트웨어개발및판매,2025-06-19,2028-06-18,재확인,2026-02-28
경기도 성남시,큐빅아이엔씨(주),오**,연구개발유형,정보처리S/W,시스템 소프트웨어 개발 및 공급업,소프트웨어,2025-05-04,2028-05-03,재확인,2026-02-28
경기도 성남시,주식회사 엔도더마,박**,연구개발유형,제조업,화장품 제조업,화장품,2025-07-01,2028-06-30,재확인,2026-02-28
경기도 성남시,(주)지트론시스템,박**,연구개발유형,제조업,기타 무선 통신장비 제조업,"통신기기, 전광판, 경광등,정보통신공사,전광판, 경광등,비주거용 건물 임대업(점포, 자기땅)",2025-06-20,2028-06-19,재확인,2026-02-28
경기도 성남시,알비클라우드 주식회사,임**,혁신성장유형,정보처리S/W,응용 소프트웨어 개발 및 공급업,미디어 솔루션,2025-06-11,2028-06-10,신규,2026-02-28
경기도 성남시,주식회사 에이아이데이타,이**,혁신성장유형,정보처리S/W,시스템 소프트웨어 개발 및 공급업,"소프트웨어개발및 공급, 시스템통합",2025-06-02,2028-06-01,재확인,2026-02-28
경기도 성남시,주식회사 텔리아넷,정**,연구개발유형,제조업,기타 무선 통신장비 제조업,"기타 무선 통신장비 제조업,기타 가정용 전기 기기 제조업,가전제품 및 부품 도매업,화장품 및 화장용품 도매업,통신ㆍ방송장비 및 부품 도매업,비주거용 건물",2025-06-25,2028-06-24,재확인,2026-02-28
경기도 성남시,(주)제이케이코리아,김**,혁신성장유형,정보처리S/W,시스템 소프트웨어 개발 및 공급업,"시스템소프트웨어 개발,공급/컴퓨터,주변장치,소프트웨어 도매/컴퓨터시스템통합 자문",2025-06-29,2028-06-28,재확인,2026-02-28
경기도 성남시,(주)싸이닉솔루션,이**,벤처투자유형,제조업,비메모리용 및 기타 전자집적회로 제조업,"반도체회로 설계,판매",2025-07-02,2028-07-01,재확인,2026-02-28
경기도 성남시,뉴브로드테크놀러지(주),김**,연구개발유형,제조업,유선 통신장비 제조업,군 전술 VoIP 교환기 및 영상 단말기,2025-06-02,2028-06-01,재확인,2026-02-28
경기도 성남시,주식회사 라이스,조**,혁신성장유형,제조업,그 외 기타 의료용 기기 제조업,안과용의료기기,2025-07-06,2028-07-05,재확인,2026-02-28
경기도 성남시,주식회사 매크로액트,강**,벤처투자유형,정보처리S/W,시스템 소프트웨어 개발 및 공급업,로봇 솔루션과 홈 로봇,2025-07-08,2028-07-07,재확인,2026-02-28
경기도 성남시,프레임웍스(주),문**,벤처투자유형,제조업,디스플레이 제조용 기계 제조업,디스플레이 패널 InLine CNC가공기,2025-07-01,2028-06-30,재확인,2026-02-28
경기도 성남시,주식회사 버니바이트,김**,벤처투자유형,정보처리S/W,기타 게임 소프트웨어 개발 및 공급업,온라인 게임 서비스,2025-05-27,2028-05-26,신규,2026-02-28
경기도 성남시,(주)태광엔텍,심**,혁신성장유형,제조업,기체 여과기 제조업,비금속슬러지수집기 등,2025-06-08,2028-06-07,재확인,2026-02-28
경기도 성남시,옥타코 주식회사,이**,연구개발유형,정보처리S/W,응용 소프트웨어 개발 및 공급업,생체체인식 보안 솔루션,2025-05-25,2028-05-24,재확인,2026-02-28
경기도 성남시,(주)서진인스텍,김**,혁신성장유형,제조업,기기용 자동측정 및 제어장치 제조업,"레벨계,유량계,전자유량계",2025-07-06,2028-07-05,재확인,2026-02-28
경기도 성남시,(주)에이텍,신**,혁신성장유형,제조업,그 외 기타 전자부품 제조업,컴퓨터,2025-05-23,2028-05-22,재확인,2026-02-28
경기도 성남시,(주) 미가,"김**,김**",혁신성장유형,제조업,합성수지 및 기타 플라스틱 물질 제조업,화학제품,2025-06-24,2028-06-23,재확인,2026-02-28
경기도 성남시,삼일씨티에스(주),최**,혁신성장유형,제조업,컴퓨터 제조업,"컴퓨터,신재생에너지,자동제어반,기기장치,CCTV 제조/자동제어,기계설비공사,냉난방기공사",2025-06-05,2028-06-04,재확인,2026-02-28
경기도 성남시,주식회사 엠씨에이 (MCA Inc. ),박**,벤처투자유형,기타,"그 외 기타 분류 안된 전문, 과학 및 기술 서비스업",디지털 캐릭터 에이전시업,2025-06-05,2028-06-04,신규,2026-02-28
경기도 성남시,(주)프로브디지털,이**,연구개발유형,제조업,방송장비 제조업,HD IP Dome/Bullet/PTZ Camera,2025-06-30,2028-06-29,재확인,2026-02-28
경기도 성남시,주식회사 유니텍시스템,한**,혁신성장유형,제조업,"전자기 측정, 시험 및 분석기구 제조업","반도체제조용기계제조,전자기기 제조업",2025-06-11,2028-06-10,신규,2026-02-28
경기도 성남시,이엑스헬스케어 주식회사 (EX Healthcare Inc.),이**,벤처투자유형,연구개발서비스,의학 및 약학 연구개발업,"화장품, 건강기능성식품, 제약",2025-06-08,2028-06-07,재확인,2026-02-28
경기도 성남시,(주)티엔솔루션,양**,연구개발유형,제조업,화학섬유직물 직조업,"섬유제품, 화섬직물제품,황사마스크,마스크팩시트,비주거용 건물 임대업(점포, 자기땅)",2025-06-28,2028-06-27,재확인,2026-02-28
경기도 성남시,주식회사 제닉,허**,혁신성장유형,제조업,화장품 제조업,마스크팩,2025-07-13,2028-07-12,재확인,2026-02-28
경기도 성남시,하이바이오 주식회사,이**,혁신성장유형,도소매업,기타 가공식품 도매업,적포도발효농축액,2025-07-13,2028-07-12,재확인,2026-02-28
경기도 성남시,주식회사 메디코어스,윤**,혁신성장유형,제조업,방사선 장치 제조업,전신용엑스선골밀도측정기,2025-05-09,2028-05-08,재확인,2026-02-28
경기도 성남시,(주)와트,김**,연구개발유형,제조업,배전반 및 전기 자동제어반 제조업,"자동제어기기,자동제어기기,소프트웨어개발업,전기엔지니어링 서비스업",2025-04-20,2028-04-19,재확인,2026-02-28
경기도 성남시,(주)제타럭스시스템,고**,혁신성장유형,정보처리S/W,시스템 소프트웨어 개발 및 공급업,"소프트웨어,지리정보시스템 개발,데이터베이스,온라인정보 제공/컴퓨터하드웨어,소프트웨어 도소매/자료처리/인문,사회과학 연구개발,측량",2025-06-11,2028-06-10,재확인,2026-02-28
경기도 성남시,모벤시스 주식회사,김**,연구개발유형,정보처리S/W,응용 소프트웨어 개발 및 공급업,모션제어 컨트롤 WMX3,2025-06-15,2028-06-14,재확인,2026-02-28
경기도 성남시,케이엘텍 주식회사,박**,혁신성장유형,제조업,전구 및 램프 제조업,LED가로보안등 LED투광등기구 외,2025-06-11,2028-06-10,재확인,2026-02-28
경기도 성남시,주식회사 엑소게임즈,염**,벤처투자유형,정보처리S/W,모바일 게임 소프트웨어 개발 및 공급업,모바일 게임소프트웨어 개발 공급 ,2025-05-02,2028-05-01,재확인,2026-02-28
경기도 성남시,주식회사 포엠디엑스,김**,벤처투자유형,정보처리S/W,응용 소프트웨어 개발 및 공급업,"소프트웨어, 데이터분석, 컨설팅",2025-06-11,2028-06-10,신규,2026-02-28
경기도 성남시,주식회사 더블와이,윤**,벤처투자유형,제조업,그 외 기타 달리 분류되지 않은 제품 제조업,온열기기.찜질기,2025-06-10,2028-06-09,신규,2026-02-28
경기도 성남시,서클주식회사,이**,혁신성장유형,제조업,기타 반도체소자 제조업,"반도체 소자설계, 디자인 용역서비업",2025-07-17,2028-07-16,신규,2026-02-28
경기도 성남시,(주)아로하,홍**,혁신성장유형,기타,결혼 상담 및 준비 서비스업,결혼중개서비스,2025-06-18,2028-06-17,신규,2026-02-28
경기도 성남시,주식회사 프리더스 (Freeders Corp.),박**,벤처투자유형,도소매업,전자상거래 소매업,육아용품 거래 플랫폼,2025-06-04,2028-06-03,신규,2026-02-28
경기도 성남시,주식회사 버디톡위례점,박**,벤처투자유형,기타,골프연습장 운영업,골프연습장 운영업,2025-06-10,2028-06-09,신규,2026-02-28
경기도 성남시,(주)위메이드커넥트,이**,벤처투자유형,정보처리S/W,유선 온라인 게임 소프트웨어 개발 및 공급업,"게임 소프트웨어 개발,공급",2025-06-18,2028-06-17,재확인,2026-02-28
경기도 성남시,주식회사 플레이투큐어,윤**,벤처투자유형,정보처리S/W,응용 소프트웨어 개발 및 공급업,"응용소프트웨어 개발,공급/의료기기 도소매/의학,약학,전기,기계 연구개발",2025-07-06,2028-07-05,재확인,2026-02-28
경기도 성남시,주식회사 라코어 (Lacore),"김**,김**",혁신성장유형,정보처리S/W,시스템 소프트웨어 개발 및 공급업,개인정보관리시스템,2025-06-11,2028-06-10,재확인,2026-02-28
경기도 성남시,주식회사 제이엔아이티,노**,혁신성장유형,제조업,기타 무선 통신장비 제조업,CCTV외,2025-06-25,2028-06-24,신규,2026-02-28
경기도 성남시,주식회사 나비티엔씨,장**,혁신성장유형,건설운수,"미장, 타일 및 방수 공사업",방수자재,2025-06-25,2028-06-24,재확인,2026-02-28
경기도 성남시,주식회사 네오펙트,반**,연구개발유형,제조업,그 외 기타 의료용 기기 제조업,"재활의료기기(라파엘스마트글러브),의료용품 제조,도소매/의료용 바이오피드백 장치 연구개발/게임소프트웨어 개발,공급",2025-07-16,2028-07-15,재확인,2026-02-28
경기도 성남시,에스이엘텍 주식회사,김**,혁신성장유형,제조업,전구 및 램프 제조업,"led lamp,태양광발전장치,피부용치료기기",2025-07-06,2028-07-05,재확인,2026-02-28
경기도 성남시,주식회사 디브릭(DBrick),"김**,이**",혁신성장유형,기타,인테리어 디자인업,"인테리어 디자인, 인테리어 제품 제조 및 유통업",2025-07-01,2028-06-30,신규,2026-02-28
경기도 성남시,(주)모디전스비전,김**,벤처투자유형,제조업,그 외 기타 전자부품 제조업,"그 외 기타 전자 부품 제조업,사진기, 영사기 및 관련 장비 제조업,상품 종합 도매업,컴퓨터 시스템 통합 자문 및 구축 서비스업,기타 정보 기술 및 컴퓨터 운영",2025-06-10,2028-06-09,신규,2026-02-28
경기도 성남시,주식회사 피앤더블유인터네셔널,임**,혁신성장유형,제조업,표면광택제 및 실내가향제 제조업,방향제,2025-12-02,2028-12-01,재확인,2026-02-28
경기도 성남시,주식회사 넥싸이트,이**,연구개발유형,제조업,컴퓨터 제조업,산업용컴퓨터,2025-06-09,2028-06-08,재확인,2026-02-28
경기도 성남시,파라택시스코리아 주식회사,이**,혁신성장유형,연구개발서비스,의학 및 약학 연구개발업,"BBT-401, BBT-877, BBT-212 등",2025-07-21,2028-07-20,재확인,2026-02-28
경기도 성남시,유한회사 나노웨더,오**,연구개발유형,연구개발서비스,기타 자연과학 연구개발업,기상기후 데이터 및 서비스,2025-07-19,2028-07-18,재확인,2026-02-28
경기도 성남시,주식회사 퍼니스톰,유**,벤처투자유형,정보처리S/W,그 외 기타 정보 서비스업,모바일 게임 제작 및 배급업,2025-07-20,2028-07-19,재확인,2026-02-28
경기도 성남시,주식회사 블로코,김**,벤처투자유형,정보처리S/W,응용 소프트웨어 개발 및 공급업,블록체인 플랫폼,2025-07-21,2028-07-20,재확인,2026-02-28
경기도 성남시,(주)화컴,조**,벤처투자유형,정보처리S/W,응용 소프트웨어 개발 및 공급업,소프트웨어 개발,2025-06-04,2028-06-03,재확인,2026-02-28
경기도 성남시,주식회사 서하기술단,고**,연구개발유형,기타,기타 엔지니어링 서비스업,건설 연구 성과물 터널 시공을 위한 설계도서,2025-07-17,2028-07-16,재확인,2026-02-28
경기도 성남시,(주)리얼티쓰,전**,벤처투자유형,정보처리S/W,응용 소프트웨어 개발 및 공급업,"응용 소프트웨어 개발 및 공급업,전자상거래 소매 중개업,의학 및 약학 연구개발업,기타 공학 연구개발업,경영 컨설팅업",2025-06-15,2028-06-14,재확인,2026-02-28
경기도 성남시,주식회사 우명건설,황**,혁신성장유형,건설운수,도장 공사업,미끄럼방지포장재,2025-05-11,2028-05-10,재확인,2026-02-28
경기도 성남시,가니(주),전**,연구개발유형,정보처리S/W,시스템 소프트웨어 개발 및 공급업,"소프트웨어 개발 및 공급,산업용 전기전자 기계장비 및 관련 기자재 도매업,전대",2025-06-23,2028-06-22,재확인,2026-02-28
경기도 성남시,효림이엔아이(주),"남**,신**",혁신성장유형,제조업,그 외 기타 일반목적용 기계 제조업,수처리설비상하수도기자재,2025-07-23,2028-07-22,재확인,2026-02-28
경기도 성남시,주식회사 힛더픽,임**,혁신성장유형,정보처리S/W,응용 소프트웨어 개발 및 공급업,응용 소프트웨어 개발 및 공급업,2025-07-16,2028-07-15,신규,2026-02-28
경기도 성남시,(주)캐스트프로,이**,벤처투자유형,제조업,기타 무선 통신장비 제조업,"무선통신응용장치,전자기기 제조,도소매/컴퓨터시스템 통합",2025-06-24,2028-06-23,재확인,2026-02-28
경기도 성남시,주식회사 큐리언트,남**,벤처투자유형,연구개발서비스,의학 및 약학 연구개발업,"Q203, Q301, Q702",2025-07-24,2028-07-23,재확인,2026-02-28
경기도 성남시,주식회사 한국비티비,최**,혁신성장유형,제조업,전기식 진단 및 요법 기기 제조업,의료기기 미용기기,2025-05-04,2028-05-03,재확인,2026-02-28
경기도 성남시,주식회사 힐스로보틱스,박**,연구개발유형,제조업,산업용 로봇 제조업,지능형 자율주행 물류로봇,2025-06-22,2028-06-21,재확인,2026-02-28
경기도 성남시,주식회사 캐킷,"서**,강**",연구개발유형,정보처리S/W,모바일 게임 소프트웨어 개발 및 공급업,모바일게임 개발,2025-04-27,2028-04-26,재확인,2026-02-28
경기도 성남시,주식회사 마켓보로,임**,벤처투자유형,정보처리S/W,시스템 소프트웨어 개발 및 공급업,마켓봄 식봄,2025-07-27,2028-07-26,재확인,2026-02-28
경기도 성남시,주식회사 엘씨벤쳐스,최**,벤처투자유형,제조업,가방 및 기타 보호용 케이스 제조업,가방 및 패션 잡화,2025-07-25,2028-07-24,재확인,2026-02-28
경기도 성남시,주식회사 브이테크,권**,혁신성장유형,기타,건물 및 토목 엔지니어링 서비스업,기술용역,2025-07-26,2028-07-25,재확인,2026-02-28
경기도 성남시,식스레터스 주식회사,김**,혁신성장유형,연구개발서비스,의학 및 약학 연구개발업,생체신호 기반 건강관리 솔루션,2026-02-03,2029-02-02,신규,2026-02-28
경기도 성남시,주식회사 에이텍컴퓨터,문**,연구개발유형,제조업,컴퓨터 제조업,"PC, 전자칠판 및 주변기기",2025-09-16,2028-09-15,신규,2026-02-28
경기도 성남시,(주)유에이로보틱스,임**,벤처투자유형,정보처리S/W,응용 소프트웨어 개발 및 공급업,소프트웨어 개발 및 공급,2025-07-13,2028-07-12,재확인,2026-02-28
경기도 성남시,(주)지란지교컴즈,안**,연구개발유형,정보처리S/W,응용 소프트웨어 개발 및 공급업,소프트웨어,2025-07-12,2028-07-11,재확인,2026-02-28
경기도 성남시,㈜메디아이플러스,정**,벤처투자유형,정보처리S/W,데이터베이스 및 온라인정보 제공업,글로벌 임상데이터 플랫폼,2025-07-31,2028-07-30,재확인,2026-02-28
경기도 성남시,주식회사 엘림텍,이**,혁신성장유형,제조업,그 외 기타 전기장비 제조업,미용기기 및 의료기기,2025-08-01,2028-07-31,재확인,2026-02-28
경기도 성남시,주식회사해마루,김**,혁신성장유형,도소매업,상품 종합 도매업,무역업．동물진료,2025-07-02,2028-07-01,재확인,2026-02-28
경기도 성남시,주식회사 닐슨앤컴퍼니,이**,혁신성장유형,정보처리S/W,응용 소프트웨어 개발 및 공급업,디지털사이니지 플랫폼,2025-08-26,2028-08-25,재확인,2026-02-28
경기도 성남시,마이월드메이커 주식회사,이**,벤처투자유형,정보처리S/W,응용 소프트웨어 개발 및 공급업,컴퓨터 프로그램,2025-07-08,2028-07-07,신규,2026-02-28
경기도 성남시,주식회사 히에라바이오( HieraBio Inc.),이**,벤처투자유형,연구개발서비스,의학 및 약학 연구개발업,세포치료제,2025-07-02,2028-07-01,재확인,2026-02-28
경기도 성남시,주식회사 와드,용**,벤처투자유형,정보처리S/W,시스템 소프트웨어 개발 및 공급업,시스템소프트웨어 개발/통신 판매/광고매체 판매,2025-08-06,2028-08-05,재확인,2026-02-28
경기도 성남시,코드블럭 주식회사,최**,혁신성장유형,정보처리S/W,컴퓨터시스템 통합 자문 및 구축 서비스업,소프트웨어 개발 및 전자지급결제대행업,2025-08-06,2028-08-05,재확인,2026-02-28
경기도 성남시,주식회사  티에스지,기**,혁신성장유형,제조업,음ㆍ식료품 및 담배 가공기계 제조업,생맥주 냉각기,2025-07-16,2028-07-15,신규,2026-02-28
경기도 성남시,주식회사푸딧,이**,혁신성장유형,제조업,도시락류 제조업,도시락제조,2025-07-16,2028-07-15,신규,2026-02-28
경기도 성남시,(주)아름담다,배**,혁신성장유형,정보처리S/W,유선 온라인 게임 소프트웨어 개발 및 공급업,메타버스 3D 그림책 플랫폼 &apos;아름담다&apos;,2025-08-10,2028-08-09,재확인,2026-02-28
경기도 성남시,(주)다나기술,백**,혁신성장유형,제조업,그 외 기타 전기장비 제조업,반도체 신뢰성 시험장비 ,2025-07-27,2028-07-26,재확인,2026-02-28
경기도 성남시,주식회사 바디녹스인터내셔널,임**,벤처투자유형,도소매업,운동 및 경기용품 소매업,필라테스 운동기구 및 콘텐츠 ,2025-07-17,2028-07-16,신규,2026-02-28
경기도 성남시,(주)어메이징푸드솔루션,박**,벤처투자유형,제조업,기타 비알코올 음료 제조업,케어식단과 간편건강식,2025-07-01,2028-06-30,재확인,2026-02-28
경기도 성남시,컨텍모빌리티 주식회사,윤**,벤처투자유형,제조업,그 외 기타 달리 분류되지 않은 운송장비 제조업,수소연료전지 추진시스템,2025-07-16,2028-07-15,신규,2026-02-28
경기도 성남시,(주)위브,주**,연구개발유형,제조업,그 외 기타 전자부품 제조업,"광학기기,광학기기,무역",2025-07-04,2028-07-03,재확인,2026-02-28
경기도 성남시,(주)마음에이아이,유**,벤처투자유형,정보처리S/W,응용 소프트웨어 개발 및 공급업,"종합인공지능엔진,플랫폼,데이터베이스,온라인정보 제공,컴퓨터 프로그래밍/정보통신공사",2025-07-12,2028-07-11,재확인,2026-02-28
경기도 성남시,"마이토 주식회사(MAITTO Co., Ltd.)",최**,벤처투자유형,제조업,비메모리용 및 기타 전자집적회로 제조업,"고속 인터페이스 IP, Power IP",2025-09-10,2028-09-09,신규,2026-02-28
경기도 성남시,주식회사 뷰텔,윤**,혁신성장유형,제조업,유선 통신장비 제조업,"와이파이 계측기, WLAN Amplifier 등",2025-06-24,2028-06-23,재확인,2026-02-28
경기도 성남시,주식회사 킹스케어,이**,혁신성장유형,제조업,그 외 기타 의료용 기기 제조업,알약 디스펜서,2025-07-15,2028-07-14,신규,2026-02-28
경기도 성남시,(주)대양씨아이에스,최**,연구개발유형,정보처리S/W,시스템 소프트웨어 개발 및 공급업,회원관리 프로그램,2025-07-16,2028-07-15,신규,2026-02-28
경기도 성남시,(주)너른기술,최**,혁신성장유형,건설운수,사무.상업용 및 공공기관용 건물 건설업,포스트텐션공사,2025-07-08,2028-07-07,재확인,2026-02-28
경기도 성남시,주식회사 유니컨,김**,벤처투자유형,제조업,비메모리용 및 기타 전자집적회로 제조업,시스템반도체(60GHz AiP),2025-07-13,2028-07-12,재확인,2026-02-28
경기도 성남시,주식회사 빛나전자,손**,혁신성장유형,제조업,유기발광 표시장치 제조업,"LED전광판, 정보통신공사업, 옥외광고업",2025-07-30,2028-07-29,신규,2026-02-28
경기도 성남시,주식회사 써지쿨,장**,혁신성장유형,도소매업,의료용품 도매업,항암 탈모치료용 두피냉각 의료기,2025-07-15,2028-07-14,신규,2026-02-28
경기도 성남시,주식회사 한국유에이브이,김**,혁신성장유형,제조업,무인 항공기 및 무인 비행장치 제조업,무인항공기 드론,2025-07-02,2028-07-01,재확인,2026-02-28
경기도 성남시,주식회사 위즈돔,한**,혁신성장유형,정보처리S/W,데이터베이스 및 온라인정보 제공업,인터넷 기반 수요대응형 회원제 통근버스시스템 운영,2025-06-18,2028-06-17,재확인,2026-02-28
경기도 성남시,(주)브라이튼코퍼레이션,유**,혁신성장유형,제조업,비디오 및 기타 영상기기 제조업,초소형 레이저 광학엔진 및 홀로그래픽 광학엔진,2025-08-19,2028-08-18,재확인,2026-02-28
경기도 성남시,(주)가원푸드아트,이**,혁신성장유형,제조업,육류 기타 가공 및 저장처리업 (가금류 제외),"햄,소시지,부대찌개밀키트",2025-09-30,2028-09-29,신규,2026-02-28
경기도 성남시,(주)스프링웨이브,이**,연구개발유형,제조업,유선 통신장비 제조업,"통신장비,자동제어반 제조/소프트웨어 개발,공급/신,재생에너지공사,정보통신공사/통신장비,전자부품 도소매,무역/부동산 전대",2025-07-08,2028-07-07,재확인,2026-02-28
경기도 성남시,큐비트시큐리티 주식회사,신**,벤처투자유형,정보처리S/W,응용 소프트웨어 개발 및 공급업,정보보호 제품 및 서비스,2025-08-20,2028-08-19,재확인,2026-02-28
경기도 성남시,(주)사이람,김**,혁신성장유형,정보처리S/W,데이터베이스 및 온라인정보 제공업,소셜 빅데이터 분석 SW,2025-09-10,2028-09-09,재확인,2026-02-28
경기도 성남시,(주) 지디에스이엔지,신**,혁신성장유형,제조업,기기용 자동측정 및 제어장치 제조업,가스누출감지기,2025-08-12,2028-08-11,재확인,2026-02-28
경기도 성남시,주식회사 레티튜,이**,벤처투자유형,도소매업,전자상거래 소매업,글로벌 에듀테크 플렛폼,2025-06-22,2028-06-21,재확인,2026-02-28
경기도 성남시,(주)코인트래빗,이**,벤처투자유형,정보처리S/W,컴퓨터 프로그래밍 서비스업,"소프트웨어 개발 및 공급,그 외 기타 일반 목적용 기계 제조업,관광지원서비스업,그 외 기타 금융 지원 서비스업",2025-06-02,2028-06-01,재확인,2026-02-28
경기도 성남시,에이블제이 주식회사,박**,벤처투자유형,정보처리S/W,기타 정보기술 및 컴퓨터운영 관련 서비스업,AI 면접 코칭솔루션,2025-07-20,2028-07-19,재확인,2026-02-28
경기도 성남시,주식회사 식지피티,"김**,김**",혁신성장유형,정보처리S/W,그 외 기타 정보 서비스업,AI솔루션,2025-08-19,2028-08-18,신규,2026-02-28
경기도 성남시,주식회사 앱튼,김**,혁신성장유형,기타,기타 엔지니어링 서비스업,"신재생에너지사업(지열시스템,연료전지등 설치,시공)",2025-07-01,2028-06-30,재확인,2026-02-28
경기도 성남시,주식회사 클로봇,"김**,김**",혁신성장유형,정보처리S/W,응용 소프트웨어 개발 및 공급업,로봇 응용 소프트웨어,2025-07-18,2028-07-17,재확인,2026-02-28
경기도 성남시,주식회사 에티포스,김**,혁신성장유형,제조업,기타 무선 통신장비 제조업,차량사물통신솔루션,2025-08-24,2028-08-23,재확인,2026-02-28
경기도 성남시,라온엑스솔루션즈 주식회사,박**,혁신성장유형,정보처리S/W,기타 정보기술 및 컴퓨터운영 관련 서비스업,소프트웨어개발공급 및 기술용역,2025-07-30,2028-07-29,신규,2026-02-28
경기도 성남시,(주)대신피앤에스,선**,혁신성장유형,제조업,전자저항기 및 전자카드 제조업,"SMART CARD, 전기정(DEAD BOLT, EM_LOCK)",2025-10-29,2028-10-28,재확인,2026-02-28
경기도 성남시,주식회사 인투앱,이**,연구개발유형,제조업,기타 기초 무기 화학물질 제조업,"항체,과학기기및소모품,전자상거래업,물리, 화학 및 생물학 연구개발업,연구 컨설팅",2025-08-28,2028-08-27,재확인,2026-02-28
경기도 성남시,주식회사 위에너젝스,탁**,혁신성장유형,제조업,기타 전기 변환장치 제조업,"전기 변환장치 제조업, 가정용 전자기기 제조업,전기 및 전자 제품, 부품 도매업,인증 컨설팅업,전기, 전자, 설계 엔지니어링 서비스업",2025-09-10,2028-09-09,신규,2026-02-28
경기도 성남시,주식회사 인벤,박**,혁신성장유형,정보처리S/W,데이터베이스 및 온라인정보 제공업,게임정보제공,2025-09-01,2028-08-31,재확인,2026-02-28
경기도 성남시,니어솔루션(주),정**,혁신성장유형,정보처리S/W,응용 소프트웨어 개발 및 공급업,"소프트웨어 자문/개발 및 공급업,산업용 로봇 제조업",2025-07-13,2028-07-12,재확인,2026-02-28
경기도 성남시,주식회사 슈퍼빅,이**,연구개발유형,정보처리S/W,컴퓨터 프로그래밍 서비스업,XR/VR실감콘텐츠 소프트웨어,2025-09-09,2028-09-08,재확인,2026-02-28
경기도 성남시,주식회사 이더블에스,김**,혁신성장유형,정보처리S/W,시스템 소프트웨어 개발 및 공급업,"PBV (Purpose Built Vehicle, 목적기반차량)용 소프트웨어 플랫폼 및 앱 개발",2025-08-05,2028-08-04,신규,2026-02-28
경기도 성남시,주식회사 여기닷,강**,혁신성장유형,정보처리S/W,응용 소프트웨어 개발 및 공급업,"앱, 웹 서비스 외주개발 및 AI기반 솔루션 제공",2025-09-23,2028-09-22,신규,2026-02-28
경기도 성남시,주식회사 애스크밀리언스(Ask Millions Corp.),"이**,이**",벤처투자유형,제조업,기타 무선 통신장비 제조업,기타 무선 통신장비 제조업,2025-07-27,2028-07-26,재확인,2026-02-28
경기도 성남시,주식회사 바이오옵틱스,서**,혁신성장유형,제조업,그 외 기타 의료용 기기 제조업,안과용 의료기기,2025-08-27,2028-08-26,재확인,2026-02-28
경기도 성남시,주식회사 이노스,이**,혁신성장유형,제조업,사무용 기계 및 장비 제조업,"금융자동화기기,전기변환장치,교통신호장치,주차관제장치 제조/소프트웨어 개발/제품디자인",2025-07-06,2028-07-05,재확인,2026-02-28
경기도 성남시,켐익코퍼레이션,이**,혁신성장유형,제조업,"물질 검사, 측정 및 분석기구 제조업",미세먼지샘플러,2025-08-03,2028-08-02,재확인,2026-02-28
경기도 성남시,(주)피앤시,황**,혁신성장유형,제조업,아스팔트 콘크리트 및 혼합제품 제조업,"아스팔트첨가제,온풍기 제조/전자상거래",2025-08-06,2028-08-05,신규,2026-02-28
경기도 성남시,금호환경(주),김**,혁신성장유형,제조업,기체 여과기 제조업,"집진기, 탈취기, 바이오필터 등 오염방지시설 제작.판매.설치",2025-09-07,2028-09-06,재확인,2026-02-28
경기도 성남시,(주)성우메디텍,박**,혁신성장유형,제조업,기타 가정용 전기기기 제조업,"가정용전기기기(안마의자) 제조/매트 도소매/부동산 임대,개발,공급",2025-09-07,2028-09-06,재확인,2026-02-28
경기도 성남시,주식회사 제이디글로벌,"정**,정**",연구개발유형,제조업,전기경보 및 신호장치 제조업,불꽃감지기,2025-08-08,2028-08-07,재확인,2026-02-28
경기도 성남시,주식회사 바이오뱅크힐링 (BioBankHealing),이**,연구개발유형,연구개발서비스,의학 및 약학 연구개발업,연구개발업,2025-08-06,2028-08-05,재확인,2026-02-28
경기도 성남시,유디에스(주),함**,연구개발유형,정보처리S/W,시스템 소프트웨어 개발 및 공급업,"시스템소프트웨어 개발,공급",2025-09-07,2028-09-06,재확인,2026-02-28
경기도 성남시,주식회사 큐버,이**,연구개발유형,정보처리S/W,시스템 소프트웨어 개발 및 공급업,"키오스크, 스마트미러, AI음성인식디바이스 등",2025-07-24,2028-07-23,재확인,2026-02-28
경기도 성남시,(주)미래엔지니어링,주**,혁신성장유형,기타,환경 관련 엔지니어링 서비스업,"하수/폐수처리설비, 수처리관련 엔지니어링등",2025-08-29,2028-08-28,재확인,2026-02-28
경기도 성남시,다임바이오 주식회사,김**,벤처투자유형,연구개발서비스,의학 및 약학 연구개발업,바이오신약 및 기타신약 연구개발,2025-09-10,2028-09-09,재확인,2026-02-28
경기도 성남시,주식회사 비엔에스테크,배**,혁신성장유형,제조업,방송장비 제조업,CCTV 제조업,2025-09-03,2028-09-02,재확인,2026-02-28
경기도 성남시,주식회사 켈스,이**,벤처투자유형,제조업,그 외 기타 의료용 기기 제조업,체외진단의료기기,2025-09-11,2028-09-10,재확인,2026-02-28
경기도 성남시,머니가드서비스 주식회사,문**,혁신성장유형,정보처리S/W,자료 처리업,서비스플랫폼,2025-08-31,2028-08-30,재확인,2026-02-28
경기도 성남시,(주) 제이 앤 엘,임**,혁신성장유형,제조업,그 외 기타 의료용 기기 제조업,"미용기기, 의료미용기기, 기능성화장품",2025-08-11,2028-08-10,재확인,2026-02-28
경기도 성남시,㈜베스텔라랩,정**,벤처투자유형,정보처리S/W,시스템 소프트웨어 개발 및 공급업,차량용 IT 솔루션,2025-09-10,2028-09-09,재확인,2026-02-28
경기도 성남시,주식회사 와이즈플러스,김**,혁신성장유형,정보처리S/W,컴퓨터 프로그래밍 서비스업,AX Solution,2025-09-16,2028-09-15,신규,2026-02-28
경기도 성남시,주식회사 세이프로보,강**,혁신성장유형,정보처리S/W,응용 소프트웨어 개발 및 공급업,IoT와 AI기술을  활용한 지능형 통합안전관리 솔루션 개발 및 서비스 제공,2025-08-27,2028-08-26,신규,2026-02-28
경기도 성남시,주식회사 이젠트리,"이**,김**",혁신성장유형,정보처리S/W,컴퓨터시스템 통합 자문 및 구축 서비스업,"네트워크 장비 개발 및 판매, 정보통신공사업, 전자기기 개발 및 임대, 전자기기 임대, 소프트웨어 개발 및 판매, 전자기기 유지보수",2025-09-03,2028-09-02,신규,2026-02-28
경기도 성남시,주식회사 펨토바이오메드,이**,벤처투자유형,제조업,그 외 기타 의료용 기기 제조업,의료기기(접촉각 측정장치) 제조/CellShot 플랫폼 / CellShot 기반 항암백신치료 제품군 / CellShot 기반 자가면역질환치료 제품군 / CellShot 기반 바이오의약,2025-09-13,2028-09-12,재확인,2026-02-28
경기도 성남시,주식회사 랍스타게임즈 (Lobstar Games Corp.),원**,벤처투자유형,정보처리S/W,모바일 게임 소프트웨어 개발 및 공급업,모바일 게임 어플리케이션,2025-08-05,2028-08-04,신규,2026-02-28
경기도 성남시,인텔릭스(주),반**,연구개발유형,제조업,컴퓨터 제조업,"임베디드하드웨어(군용컴퓨터) 제조/연구,개발",2025-09-07,2028-09-06,재확인,2026-02-28
경기도 성남시,주식회사 일신환경,"지**,양**",혁신성장유형,건설운수,환경설비 건설업,대기방지시설,2025-08-27,2028-08-26,신규,2026-02-28
경기도 성남시,완전방수 주식회사,하**,혁신성장유형,건설운수,"미장, 타일 및 방수 공사업",  일반용도료및 관련제품제조.친환경방수제. 바닥제.페인트방수자재,2025-10-01,2028-09-30,재확인,2026-02-28
경기도 성남시,주식회사 보스반도체,박**,벤처투자유형,제조업,기타 반도체소자 제조업,"ADAS/AD SOC, Custom SOC, Automotive Semiconductors",2025-09-14,2028-09-13,재확인,2026-02-28
경기도 성남시,주식회사 비다스테크,방**,연구개발유형,제조업,주방용 전기기기 제조업,에스프레소 머신 외,2025-09-15,2028-09-14,재확인,2026-02-28
경기도 성남시,(주)디앤디파마텍,이**,벤처투자유형,연구개발서비스,의학 및 약학 연구개발업,대사성질환 치료제 등 연구개발,2025-08-09,2028-08-08,재확인,2026-02-28
경기도 성남시,주식회사 에이텍오토,박**,혁신성장유형,제조업,컨베이어장치 제조업,"컨베이어 장치, 플랜트 산업설비, 산업용 기계설비, 물류 자동화 솔루션 등 (휠소터, 소터, 전자가격표시기, 내역서 투입기, 컨베이어 등)",2025-08-25,2028-08-24,재확인,2026-02-28
경기도 성남시,(주)아토매트릭스,이**,벤처투자유형,정보처리S/W,응용 소프트웨어 개발 및 공급업,신약개발 소프트웨어,2025-08-12,2028-08-11,신규,2026-02-28
경기도 성남시,픽셀리티 주식회사,정**,연구개발유형,정보처리S/W,기타 게임 소프트웨어 개발 및 공급업,실감형 VR게임,2025-09-14,2028-09-13,재확인,2026-02-28
경기도 성남시,주식회사 언에이아이,김**,벤처투자유형,정보처리S/W,응용 소프트웨어 개발 및 공급업,AI번역더빙 소프트웨어,2025-08-06,2028-08-05,신규,2026-02-28
경기도 성남시,올릭스 주식회사,이**,벤처투자유형,연구개발서비스,의학 및 약학 연구개발업,"siRNA 신약,의학(핵산치료제),신약,의약품 연구개발/부동산 임대",2025-09-17,2028-09-16,재확인,2026-02-28
경기도 성남시,약문약답 주식회사,조**,벤처투자유형,정보처리S/W,컴퓨터시스템 통합 자문 및 구축 서비스업,약문약답 ,2025-08-20,2028-08-19,신규,2026-02-28
경기도 성남시,주식회사 제이티웍스,최**,혁신성장유형,제조업,기타 주변기기 제조업,전자칠판,2025-09-17,2028-09-16,재확인,2026-02-28
경기도 성남시,(주)에이치엠텍,김**,연구개발유형,기타,환경 관련 엔지니어링 서비스업,"관로조사 및 CCTV촬영, 연막시험, 공기압시험, 수밀시험",2025-08-06,2028-08-05,신규,2026-02-28
경기도 성남시,주식회사 프로텍타코리아,이**,혁신성장유형,제조업,배전반 및 전기 자동제어반 제조업,"배전반, 분전반",2025-08-26,2028-08-25,재확인,2026-02-28
경기도 성남시,(주)리메드브레인스팀,이**,연구개발유형,제조업,그 외 기타 의료용 기기 제조업,"Brain Stim, Brain Energy, Mensa:mon ",2025-09-07,2028-09-06,재확인,2026-02-28
경기도 성남시,주식회사 에이드랩,이**,혁신성장유형,제조업,치과용 기기 제조업,"치과용 밀링머신 제조 및 도매, 치과용 소프트웨어 개발 및 공급",2025-08-27,2028-08-26,신규,2026-02-28
경기도 성남시,㈜케어테크,이**,연구개발유형,제조업,정형외과용 및 신체보정용 기기 제조업,전동식정형용운동장치,2025-08-21,2028-08-20,재확인,2026-02-28
경기도 성남시,주식회사 엘아이알에이,이**,혁신성장유형,정보처리S/W,응용 소프트웨어 개발 및 공급업,프로그램 개발 및 플랫폼 서비스 ,2025-09-02,2028-09-01,신규,2026-02-28
경기도 성남시,주식회사 아울바이오,김**,벤처투자유형,연구개발서비스,의학 및 약학 연구개발업,의약품,2025-09-20,2028-09-19,재확인,2026-02-28
경기도 성남시,(주)더녹색성장,오**,연구개발유형,제조업,그 외 기타 전기장비 제조업,재난안전시스템 소형열분해장치 음식물처리기,2025-08-19,2028-08-18,재확인,2026-02-28
경기도 성남시,파마코바이오 주식회사,강**,연구개발유형,연구개발서비스,의학 및 약학 연구개발업,DDNA0101 석류콜라겐젤리,2025-07-26,2028-07-25,재확인,2026-02-28
경기도 성남시,(주)팬옵틱스,김**,혁신성장유형,도소매업,통신.방송장비 및 부품 도매업,광통신관련 부품 외,2025-08-19,2028-08-18,재확인,2026-02-28
경기도 성남시,망고슬래브 주식회사,정**,벤처투자유형,제조업,컴퓨터 프린터 제조업,재접착식 메모지 출력시스템 외,2025-09-01,2028-08-31,재확인,2026-02-28
경기도 성남시,주식회사 웨이브트랙,김**,혁신성장유형,제조업,기타 무선 통신장비 제조업,전자부품 및 반도체,2025-09-16,2028-09-15,재확인,2026-02-28
경기도 성남시,주식회사 솔라위즈,위**,혁신성장유형,건설운수,일반전기 공사업,태양광발전소 건설 및 운영,2025-09-20,2028-09-19,재확인,2026-02-28
경기도 성남시,주식회사 주신산업,유**,연구개발유형,제조업,산업용 냉장 및 냉동 장비 제조업,계측센서 및 장비,2025-09-25,2028-09-24,재확인,2026-02-28
경기도 성남시,주식회사 넬스,이**,혁신성장유형,정보처리S/W,시스템 소프트웨어 개발 및 공급업,교복스테이션(교복 판매 및 재고 관리 시스템),2025-08-26,2028-08-25,신규,2026-02-28
경기도 성남시,주식회사 오퍼스엠,이**,벤처투자유형,정보처리S/W,응용 소프트웨어 개발 및 공급업,블록체인 공급망 기반 기업 에너지 비용 절감 서비스 OPUS CARE,2025-09-23,2028-09-22,재확인,2026-02-28
경기도 성남시,주식회사 바인텍,엄**,연구개발유형,제조업,사무용 기계 및 장비 제조업,결속기,2025-08-10,2028-08-09,재확인,2026-02-28
경기도 성남시,주식회사 인투아이피,강**,연구개발유형,제조업,그 외 기타 전자부품 제조업,DTS 시스템 5G Transceiver,2025-08-26,2028-08-25,재확인,2026-02-28
경기도 성남시,주식회사 마인드트리,황**,혁신성장유형,기타,기타 전문 서비스업,EAP(근로로자지원),2025-09-17,2028-09-16,신규,2026-02-28
경기도 성남시,(주)인애이블퓨전,"최**,이**",연구개발유형,연구개발서비스,기타 공학 연구개발업,핵융합 발전용 장치 개발,2025-09-09,2028-09-08,신규,2026-02-28
경기도 성남시,아이티팜 주식회사,김**,혁신성장유형,정보처리S/W,시스템 소프트웨어 개발 및 공급업,불량MAP판정시스템,2025-08-26,2028-08-25,재확인,2026-02-28
경기도 성남시,디스이즈엔지니어링 주식회사,홍**,벤처투자유형,제조업,무인 항공기 및 무인 비행장치 제조업,드론,2025-08-03,2028-08-02,재확인,2026-02-28
경기도 성남시,주식회사 젠투웨이브,이**,혁신성장유형,제조업,컴퓨터 제조업,산업용 PDA  외,2025-06-29,2028-06-28,재확인,2026-02-28
경기도 성남시,주식회사 마티카바이오랩스,장**,연구개발유형,연구개발서비스,의학 및 약학 연구개발업,세포치료제 개발,2025-09-30,2028-09-29,재확인,2026-02-28
경기도 성남시,한솔생명과학㈜,신**,혁신성장유형,제조업,화장품 제조업,화장품,2025-09-18,2028-09-17,재확인,2026-02-28
경기도 성남시,유한회사 엘에스디,김**,혁신성장유형,도소매업,그 외 기타 상품 전문 도매업,"환경복원자재, 생태복원자재, 대기오염 및 열섬저감 시스템",2025-09-21,2028-09-20,재확인,2026-02-28
경기도 성남시,주식회사 어썸랩,김**,벤처투자유형,제조업,기타 전기 변환장치 제조업,기타 옥내조명및 설비,2025-09-28,2028-09-27,재확인,2026-02-28
경기도 성남시,주식회사 모카시스템,신**,연구개발유형,정보처리S/W,응용 소프트웨어 개발 및 공급업,소프트웨어 개발/컴퓨터주변기기 제조,2025-08-10,2028-08-09,재확인,2026-02-28
경기도 성남시,더바이홀딩스 주식회사,서**,혁신성장유형,정보처리S/W,그 외 기타 정보 서비스업,정보제공,2025-07-20,2028-07-19,재확인,2026-02-28
경기도 성남시,주식회사 슬릭스,이**,혁신성장유형,정보처리S/W,응용 소프트웨어 개발 및 공급업,"시스템, 응용 소프트웨어 개발 및 공급업",2025-08-26,2028-08-25,신규,2026-02-28
경기도 성남시,(주)아크링크,박**,연구개발유형,정보처리S/W,시스템 소프트웨어 개발 및 공급업,몸캠피싱 피해자 구제 ,2025-09-10,2028-09-09,신규,2026-02-28
경기도 성남시,㈜인텔로이드,양**,연구개발유형,정보처리S/W,응용 소프트웨어 개발 및 공급업,음성인식 AI SW,2025-08-31,2028-08-30,재확인,2026-02-28
경기도 성남시,"주식회사 브이파이브 게임즈(VFive Games Co.,Ltd.)",P**,혁신성장유형,정보처리S/W,모바일 게임 소프트웨어 개발 및 공급업,모바일 게임 공급,2025-11-12,2028-11-11,신규,2026-02-28
경기도 성남시,주식회사움틀,박**,벤처투자유형,제조업,기체 여과기 제조업,액체여과기,2025-09-28,2028-09-27,재확인,2026-02-28
경기도 성남시,주식회사 마히,원**,벤처투자유형,정보처리S/W,포털 및 기타 인터넷 정보매개 서비스업,마감히어로 플랫폼,2025-08-26,2028-08-25,신규,2026-02-28
경기도 성남시,주식회사 웨이브글로벌,윤**,연구개발유형,연구개발서비스,전기ㆍ전자공학 연구개발업,비메모리 반도체 설계 및 개발(팹리스업체),2025-12-31,2028-12-30,신규,2026-02-28
경기도 성남시,(주)쓰리에이치바이오,"최**,김**",벤처투자유형,연구개발서비스,의학 및 약학 연구개발업,비만면역치료제 연구 개발,2025-09-21,2028-09-20,재확인,2026-02-28
경기도 성남시,㈜오큐라이트,남**,혁신성장유형,제조업,그 외 기타 의료용 기기 제조업,안과수술용 의료기기,2025-08-28,2028-08-27,재확인,2026-02-28
경기도 성남시,(주)셀쿠아,"이**,이**",벤처투자유형,연구개발서비스,농림수산학 및 수의학 연구개발업,수산 배양육,2025-10-05,2028-10-04,재확인,2026-02-28
경기도 성남시,주식회사 에스에스티랩,최**,벤처투자유형,제조업,방사선 장치 제조업,보안검색장비 메디컬 Xray 장비,2025-09-28,2028-09-27,재확인,2026-02-28
경기도 성남시,주식회사 바이컴솔루션,이**,혁신성장유형,제조업,전자감지장치 제조업,"감지센서모듈, 조명장치등",2025-09-09,2028-09-08,신규,2026-02-28
경기도 성남시,"주식회사 어스에이트 (Earth Eight, Inc.)",김**,벤처투자유형,정보처리S/W,응용 소프트웨어 개발 및 공급업,기상 소프트웨어,2025-10-05,2028-10-04,재확인,2026-02-28
경기도 성남시,무리기술 주식회사,박**,연구개발유형,제조업,기타 광학기기 및 사진기 제조업,전자광학부품,2025-08-10,2028-08-09,재확인,2026-02-28
경기도 성남시,주식회사 에이펜,고**,혁신성장유형,정보처리S/W,데이터베이스 및 온라인정보 제공업,"스토리 콘텐츠, 숏폼영상시리즈",2025-10-21,2028-10-20,신규,2026-02-28
경기도 성남시,주식회사 반달소프트,이**,벤처투자유형,정보처리S/W,응용 소프트웨어 개발 및 공급업,"사물인터넷, 스마트팜, 인공지능",2025-10-08,2028-10-07,재확인,2026-02-28
경기도 성남시,주식회사 슈퍼엔진,김**,벤처투자유형,정보처리S/W,모바일 게임 소프트웨어 개발 및 공급업,모바일게임/웹툰제작 등 AI콘텐츠 개발,2025-10-08,2028-10-07,재확인,2026-02-28
경기도 성남시,주식회사 42테이프,손**,혁신성장유형,정보처리S/W,컴퓨터 프로그래밍 서비스업,클라우드 서비스,2025-09-03,2028-09-02,신규,2026-02-28
경기도 성남시,주식회사 파란오이,최**,혁신성장유형,기타,애니메이션 영화 및 비디오물 제작업,VR콘텐츠,2025-08-08,2028-08-07,재확인,2026-02-28
경기도 성남시,주식회사 투락,연**,혁신성장유형,정보처리S/W,모바일 게임 소프트웨어 개발 및 공급업,모바일게임 콘솔게임,2025-09-07,2028-09-06,재확인,2026-02-28
경기도 성남시,㈜에이치엠코퍼레이션,안**,연구개발유형,제조업,비디오 및 기타 영상기기 제조업,스마트반주기,2025-10-12,2028-10-11,재확인,2026-02-28
경기도 성남시,(주) 제이앤이,김**,벤처투자유형,제조업,기타 곡물 가공품 제조업,"팝콘,퍼핑스낵",2025-10-12,2028-10-11,재확인,2026-02-28
경기도 성남시,주식회사 엣지온,홍**,혁신성장유형,제조업,전자감지장치 제조업,"기상 센서, 통합관제시스템, 기후 데이터 ",2025-09-23,2028-09-22,신규,2026-02-28
경기도 성남시,(주)엔아이디에스,황**,벤처투자유형,제조업,그 외 기타 전자부품 제조업,먼지센서 등,2025-10-04,2028-10-03,재확인,2026-02-28
경기도 성남시,(주) 브레인앤피플,김**,혁신성장유형,정보처리S/W,응용 소프트웨어 개발 및 공급업,정신건강 헬스케어 서비스 &#x27;브레인맵&#x27;,2025-08-17,2028-08-16,재확인,2026-02-28
경기도 성남시,주식회사 아티프렌즈,이**,벤처투자유형,정보처리S/W,컴퓨터시스템 통합 자문 및 구축 서비스업,"컴퓨터시스템 통합 자문 및 구축 서비스업,컴퓨터시설 관리업,컴퓨터 프로그래밍 서비스업",2025-10-11,2028-10-10,재확인,2026-02-28
경기도 성남시,주식회사 팬딩,엄**,벤처투자유형,정보처리S/W,그 외 기타 정보 서비스업,플랫폼,2025-08-27,2028-08-26,재확인,2026-02-28
경기도 성남시,헬리오센 주식회사,이**,연구개발유형,정보처리S/W,그 외 기타 정보 서비스업,소프트웨어 솔루션,2025-10-14,2028-10-13,재확인,2026-02-28
경기도 성남시,㈜파워엔텍,이**,연구개발유형,제조업,그 외 기타 특수목적용 기계 제조업,"내진,면진,방진장치",2025-10-05,2028-10-04,재확인,2026-02-28
경기도 성남시,픽셀 주식회사,김**,벤처투자유형,정보처리S/W,컴퓨터 프로그래밍 서비스업,글로벌 커뮤니티 서비스,2025-09-02,2028-09-01,신규,2026-02-28
경기도 성남시,(주)피맥스,김**,연구개발유형,정보처리S/W,응용 소프트웨어 개발 및 공급업,AI기반 영상데이터 분석 솔류션 개발,2025-10-14,2028-10-13,재확인,2026-02-28
경기도 성남시,(주)리브스메드,이**,벤처투자유형,제조업,그 외 기타 의료용 기기 제조업,다관절 다자유도 복강경 수술기구,2025-10-11,2028-10-10,재확인,2026-02-28
경기도 성남시,(주)엔티엘헬스케어,김**,혁신성장유형,제조업,그 외 기타 의료용 기기 제조업,"Dr. Cervicam® C20,  ■ CerviCare AI® 외",2025-10-06,2028-10-05,재확인,2026-02-28
경기도 성남시,텐바이오 주식회사,김**,연구개발유형,제조업,그 외 기타 의료용 기기 제조업,"매선, PLA필러 외",2025-10-19,2028-10-18,재확인,2026-02-28
경기도 성남시,바이오플러스인터내셔널 주식회사,신**,혁신성장유형,도소매업,의료기기 도매업,"화장품, 의료기기, 전자상거래",2025-10-21,2028-10-20,신규,2026-02-28
경기도 성남시,(주)알파칩스,윤**,혁신성장유형,제조업,비메모리용 및 기타 전자집적회로 제조업,"주문형반도체(ASIC) 설계/반도체,전자부품 제조,도소매",2025-10-14,2028-10-13,재확인,2026-02-28
경기도 성남시,(주)키움테크 ,이**,혁신성장유형,정보처리S/W,응용 소프트웨어 개발 및 공급업,"멀티짐(가상현실 스크린 스포츠, 플레이 외)",2025-09-24,2028-09-23,재확인,2026-02-28
경기도 성남시,(주)로이드케이,김**,혁신성장유형,정보처리S/W,응용 소프트웨어 개발 및 공급업,"소프트웨어 개발,공급,유지보수/자동차관련용품 도소매,무역,전자상거래/정보화 시스템 컨설팅,기획,개발,전시광고,광고 대행",2025-09-21,2028-09-20,재확인,2026-02-28
경기도 성남시,디알씨티에스주식회사,김**,혁신성장유형,제조업,컴퓨터 제조업,DIDCCTV 전산장비 등,2025-10-15,2028-10-14,재확인,2026-02-28
경기도 성남시,더트라이윤 주식회사,이**,벤처투자유형,도소매업,전자상거래 소매 중개업,전자상거래,2025-09-24,2028-09-23,신규,2026-02-28
경기도 성남시,(주)카이로스페이스,신**,연구개발유형,제조업,무인 항공기 및 무인 비행장치 제조업,"영상위성, 통신위성, 탐사위성, 반도체 제조설비 비품 등",2025-12-02,2028-12-01,신규,2026-02-28
경기도 성남시,알앤피티 주식회사 (RnPT Inc.),조**,혁신성장유형,정보처리S/W,시스템 소프트웨어 개발 및 공급업,외국인 의료 통합케어 솔루션,2025-09-24,2028-09-23,신규,2026-02-28
경기도 성남시,주식회사미네랄하우스,허**,혁신성장유형,도소매업,화장품 및 화장용품 도매업,천연화장품,2025-11-26,2028-11-25,재확인,2026-02-28
경기도 성남시,디토닉 주식회사,전**,벤처투자유형,정보처리S/W,시스템 소프트웨어 개발 및 공급업,"데이터 허브 플랫폼 D.Hub , 지능형 디스플레이 플랫폼 D.Eview",2025-10-18,2028-10-17,재확인,2026-02-28
경기도 성남시,주식회사 데이터드리븐,고**,벤처투자유형,정보처리S/W,응용 소프트웨어 개발 및 공급업,소프트웨어,2025-09-20,2028-09-19,재확인,2026-02-28
경기도 성남시,주식회사 웰리스하우스,장**,혁신성장유형,기타,"전시, 컨벤션 및 행사 대행업","전시,컨벤션및행사 공간 기획",2025-09-09,2028-09-08,신규,2026-02-28
경기도 성남시,엔솔글로벌 주식회사,이**,혁신성장유형,기타,건물 및 토목 엔지니어링 서비스업,구조 설계,2025-11-05,2028-11-04,신규,2026-02-28
경기도 성남시,주식회사 휴엘리서치,주**,혁신성장유형,연구개발서비스,의학 및 약학 연구개발업,연구서비스,2025-11-05,2028-11-04,신규,2026-02-28
경기도 성남시,메디퓨처스 주식회사,김**,벤처투자유형,제조업,그 외 기타 의료용 기기 제조업,초음파 수술기 및 의료용실,2025-10-22,2028-10-21,재확인,2026-02-28
경기도 성남시,주식회사 포춘트리,김**,혁신성장유형,정보처리S/W,컴퓨터 프로그래밍 서비스업,모바일 게임,2026-01-13,2029-01-12,신규,2026-02-28
경기도 성남시,주식회사 아바티,최**,벤처투자유형,정보처리S/W,응용 소프트웨어 개발 및 공급업,모바일소프트웨어,2025-10-22,2028-10-21,재확인,2026-02-28
경기도 성남시,주식회사 에잇핀,박**,혁신성장유형,정보처리S/W,시스템 소프트웨어 개발 및 공급업,"시스템 소프트웨어 개발,공급/통신기기 도소매",2025-08-24,2028-08-23,재확인,2026-02-28
경기도 성남시,주식회사 에이디엑스,한**,혁신성장유형,기타,광고 대행업,광고 및 광고 솔루션,2025-10-01,2028-09-30,신규,2026-02-28
경기도 성남시,주식회사 윌러스표준기술연구소,곽**,혁신성장유형,연구개발서비스,전기ㆍ전자공학 연구개발업,연구개발,2025-09-30,2028-09-29,재확인,2026-02-28
경기도 성남시,주식회사 일리코퍼레이션,신**,혁신성장유형,정보처리S/W,데이터베이스 및 온라인정보 제공업,데이터베이스 및 온라인 정보 제공업,2025-10-21,2028-10-20,신규,2026-02-28
경기도 성남시,(주)오토베이스,김**,연구개발유형,제조업,컴퓨터 제조업,"원격제어시스템,계장제어장치,프로세스제어반,자동제어반,정보통신공사업,컴퓨터　및　주변기기,비주거용 건물 임대업(점포, 자기땅),소프트웨어개발",2025-09-03,2028-09-02,재확인,2026-02-28
경기도 성남시,주식회사 다빈시스템스,정**,벤처투자유형,제조업,"전자기 측정, 시험 및 분석기구 제조업",안티드론시스템 및 계측장비,2025-11-01,2028-10-31,재확인,2026-02-28
경기도 성남시,주식회사 플라바이오로직스,김**,연구개발유형,연구개발서비스,의학 및 약학 연구개발업,줄기세포 치료제 개발,2025-11-02,2028-11-01,재확인,2026-02-28
경기도 성남시,주식회사 에스피지코리아,박**,연구개발유형,제조업,배전반 및 전기 자동제어반 제조업,"AI 교육장비, AI 자율주행, 유공압, 신재생에너지, 스마트 충전보관함",2025-09-22,2028-09-21,재확인,2026-02-28
경기도 성남시,(주)케이더블유티솔루션,서**,연구개발유형,정보처리S/W,응용 소프트웨어 개발 및 공급업,K-SPEED,2025-10-26,2028-10-25,재확인,2026-02-28
경기도 성남시,(주) 피스페이스,김**,혁신성장유형,정보처리S/W,컴퓨터 프로그래밍 서비스업,InfiniStor,2025-08-28,2028-08-27,재확인,2026-02-28
경기도 성남시,주식회사 후이넘스,황**,벤처투자유형,정보처리S/W,응용 소프트웨어 개발 및 공급업,"소프트웨어 개발,공급,광고영화,비디오물 제작/인문,사회과학 연구개발,광고 대행,전시,컨벤션,행사 대행,전문",2025-09-07,2028-09-06,재확인,2026-02-28
경기도 성남시,주식회사 히포티앤씨,정**,벤처투자유형,기타,"그 외 기타 분류 안된 전문, 과학 및 기술 서비스업",디지털 진단 및 치료제 개발,2025-10-29,2028-10-28,재확인,2026-02-28
경기도 성남시,주식회사 피코엔텍,권**,연구개발유형,연구개발서비스,의학 및 약학 연구개발업,일반식품 및 건강기능식품,2025-10-13,2028-10-12,재확인,2026-02-28
경기도 성남시,주식회사 라온우리,장**,연구개발유형,제조업,기타 무선 통신장비 제조업,Impulse Radar,2025-09-12,2028-09-11,재확인,2026-02-28
경기도 성남시,주식회사 알이랩,김**,벤처투자유형,제조업,그 외 기타 특수목적용 기계 제조업,AI 이용한 1회용 포장재 폐기물 무인 자동회수장비 및 관련 서비스,2025-10-01,2028-09-30,신규,2026-02-28
경기도 성남시,㈜닷넷소프트,김**,연구개발유형,정보처리S/W,컴퓨터 프로그래밍 서비스업,기업지식포탈 SW,2025-10-08,2028-10-07,재확인,2026-02-28
경기도 성남시,(주)카젠,김**,연구개발유형,도소매업,기타 자동차 신품 부품 및 내장품 판매업,"자동차부품，용품,무역,통신판매업,소프트웨어　개발　및　공급,기타　정보기술　및　컴퓨터운영　관련　서비스업",2025-11-04,2028-11-03,재확인,2026-02-28
경기도 성남시,(주)푸르고바이오로직스,윤**,혁신성장유형,제조업,그 외 기타 의료용품 및 의약 관련제품 제조업,치과용 이종골 이식재,2025-10-30,2028-10-29,재확인,2026-02-28
경기도 성남시,케이엠디,전**,혁신성장유형,제조업,그 외 기타 특수목적용 기계 제조업,금속검출기,2025-10-28,2028-10-27,신규,2026-02-28
경기도 성남시,주식회사 에이치오피,오**,벤처투자유형,정보처리S/W,응용 소프트웨어 개발 및 공급업,실내 및 지하환경 위치 제어 시스템,2025-09-30,2028-09-29,신규,2026-02-28
경기도 성남시,주식회사 펜브코퍼레이션,방**,벤처투자유형,정보처리S/W,데이터베이스 및 온라인정보 제공업,오프라인 스터디 매칭 플랫폼,2025-10-18,2028-10-17,재확인,2026-02-28
경기도 성남시,(주)슈퍼캣,김**,연구개발유형,정보처리S/W,모바일 게임 소프트웨어 개발 및 공급업,모바일게임 개발,2025-11-04,2028-11-03,재확인,2026-02-28
경기도 성남시,주식회사 시지엠베이스,유**,혁신성장유형,제조업,그 외 기타 의료용 기기 제조업,폴리디옥사논 봉합사,2025-10-22,2028-10-21,신규,2026-02-28
경기도 성남시,플렉토리 주식회사,김**,연구개발유형,정보처리S/W,응용 소프트웨어 개발 및 공급업,응용 소프트웨어 개발 및 공급업,2025-11-09,2028-11-08,재확인,2026-02-28
경기도 성남시,알파브릿지 주식회사,박**,혁신성장유형,정보처리S/W,데이터베이스 및 온라인정보 제공업,AI 포트폴리오 서비스,2025-11-02,2028-11-01,재확인,2026-02-28
경기도 성남시,주식회사 스템온,김**,벤처투자유형,연구개발서비스,의학 및 약학 연구개발업,리프로좀,2025-10-16,2028-10-15,재확인,2026-02-28
경기도 성남시,주식회사 킹스에코텍,윤**,혁신성장유형,제조업,아스팔트 콘크리트 및 혼합제품 제조업,모르타르 및 도료,2025-11-11,2028-11-10,신규,2026-02-28
경기도 성남시,예비창업자 박진형,박**,예비벤처유형,제조업,그 외 기타 의료용 기기 제조업,,2025-11-12,2028-11-11,신규,2026-02-28
경기도 성남시,주식회사 제라,최**,혁신성장유형,제조업,배전반 및 전기 자동제어반 제조업,스마트팜 전기 자동제어반 제조업,2025-10-28,2028-10-27,신규,2026-02-28
경기도 성남시,(주)메타클,오**,연구개발유형,정보처리S/W,응용 소프트웨어 개발 및 공급업,산업용 메타버스 플랫폼 소프트웨어,2025-11-16,2028-11-15,재확인,2026-02-28
경기도 성남시,메카룩스,박**,혁신성장유형,제조업,반도체 제조용 기계 제조업,수동자동 ZUST 반도체모듈부품피점도계,2025-09-26,2028-09-25,재확인,2026-02-28
경기도 성남시,주식회사 필터솔루션,"전**,이**",혁신성장유형,제조업,그 외 기타 달리 분류되지 않은 제품 제조업,에어필터,2025-09-16,2028-09-15,재확인,2026-02-28
경기도 성남시,주식회사 에이유랩스,이**,혁신성장유형,제조업,화장품 제조업,금나노 화장품,2025-10-26,2028-10-25,재확인,2026-02-28
경기도 성남시,(주)애니챗,이**,연구개발유형,정보처리S/W,데이터베이스 및 온라인정보 제공업,컴퓨터시스템 통합 자문 및 구축서비스업,2025-11-16,2028-11-15,재확인,2026-02-28
경기도 성남시,주식회사 수요컴퍼니,이**,벤처투자유형,정보처리S/W,시스템 소프트웨어 개발 및 공급업,AI 소프트웨어,2025-10-21,2028-10-20,신규,2026-02-28
경기도 성남시,주식회사 에이치씨테크,양**,혁신성장유형,제조업,그 외 기타 1차 철강 제조업,"철구조물, 금속재울타리, 볼라드, 교통시설물",2025-10-12,2028-10-11,재확인,2026-02-28
경기도 성남시,주식회사 와이,이**,혁신성장유형,정보처리S/W,컴퓨터 프로그래밍 서비스업,AI기반 데이터 플랫폼 및 AI Agent,2025-10-22,2028-10-21,신규,2026-02-28
경기도 성남시,주식회사 카이어,이**,혁신성장유형,정보처리S/W,시스템 소프트웨어 개발 및 공급업,인공지능 소프트웨어,2025-11-09,2028-11-08,재확인,2026-02-28
경기도 성남시,주식회사 엑스페릭스,윤**,혁신성장유형,제조업,기타 주변기기 제조업,"라이브스캐너류, 여권판독기류",2025-11-02,2028-11-01,재확인,2026-02-28
경기도 성남시,주식회사 씨티아이랩,조**,연구개발유형,정보처리S/W,응용 소프트웨어 개발 및 공급업,AI 보안 소프트웨어 개발 및 정보서비스업,2025-09-28,2028-09-27,재확인,2026-02-28
경기도 성남시,뉴프라임기공소,이**,혁신성장유형,제조업,치과기공물 제조업,보철물,2025-10-22,2028-10-21,신규,2026-02-28
경기도 성남시,주식회사 제이스,이**,혁신성장유형,제조업,그 외 기타 전기장비 제조업,전자계측시스템,2025-09-03,2028-09-02,재확인,2026-02-28
경기도 성남시,주식회사 라온스랩,홍**,혁신성장유형,기타,"그 외 기타 분류 안된 전문, 과학 및 기술 서비스업","재생크림(화장품),발톱무좀앰플 등",2025-10-28,2028-10-27,신규,2026-02-28
경기도 성남시,㈜스마트인스트루먼트,장**,연구개발유형,제조업,산업처리공정 제어장비 제조업,산업처리공정제어장비,2025-10-18,2028-10-17,재확인,2026-02-28
경기도 성남시,㈜공게임즈,공**,벤처투자유형,정보처리S/W,모바일 게임 소프트웨어 개발 및 공급업,게임 소프트웨어 개발 및 공급,2025-11-08,2028-11-07,재확인,2026-02-28
경기도 성남시,주식회사 한성전자산업,이**,연구개발유형,제조업,기타 무선 통신장비 제조업,"자동우량경보시설,강우,수위,관측제어장치,기상장비,무선통신장치,방송장치 제조/정보통신공사,실내인테리어공사",2025-11-20,2028-11-19,재확인,2026-02-28
경기도 성남시,주식회사 플랜엑스,"지**,김**",벤처투자유형,제조업,그 외 기타 특수목적용 기계 제조업,제조업 품질 검사 솔루션,2025-10-22,2028-10-21,신규,2026-02-28
경기도 성남시,코리아세이프티 주식회사,곽**,혁신성장유형,제조업,그 외 기타 달리 분류되지 않은 제품 제조업,"질식대피용 산소공급기,화재대피방연마스크 ",2025-10-30,2028-10-29,재확인,2026-02-28
경기도 성남시,주식회사 타이니펀게임즈,고**,혁신성장유형,정보처리S/W,모바일 게임 소프트웨어 개발 및 공급업,모바일 게임 소프트웨어,2025-12-09,2028-12-08,신규,2026-02-28
경기도 성남시,(주)모티브,한**,벤처투자유형,기타,광고 영화 및 비디오물 제작업,"비디오물 제작업,소프트웨어 개발 및 공급업,컴퓨터 프로그래밍, 시스템통합 및 관리업,온라인마케팅 관련 서비스업,광고물 문안, 도안, 설계 등 작성업,전시,",2025-10-22,2028-10-21,재확인,2026-02-28
경기도 성남시,로드러너 주식회사,김**,혁신성장유형,정보처리S/W,응용 소프트웨어 개발 및 공급업,"소프트웨어 자문 및 개발, 산업용로봇제조제조",2025-11-23,2028-11-22,재확인,2026-02-28
경기도 성남시,주식회사 노바플레어,황**,혁신성장유형,정보처리S/W,유선 온라인 게임 소프트웨어 개발 및 공급업,게임 개발,2025-11-25,2028-11-24,신규,2026-02-28
경기도 성남시,주식회사 환경플러스,신**,혁신성장유형,제조업,"물질 검사, 측정 및 분석기구 제조업",자동수질측정기기,2025-11-12,2028-11-11,신규,2026-02-28
경기도 성남시,㈜와이디엔에스,윤**,혁신성장유형,정보처리S/W,응용 소프트웨어 개발 및 공급업,GRIP실시간 거버넌스 인텔리전스 플랫폼),2025-11-23,2028-11-22,재확인,2026-02-28
경기도 성남시,주식회사 미모,이**,연구개발유형,제조업,기타 가정용 전기기기 제조업,기타 미용 기기 제품 제조(네일아트),2025-11-23,2028-11-22,재확인,2026-02-28
경기도 성남시,(주)올케팅,이**,혁신성장유형,기타,광고 대행업,광고 디자인,2025-10-08,2028-10-07,재확인,2026-02-28
경기도 성남시,주식회사 모키보,조**,벤처투자유형,제조업,기타 주변기기 제조업,Bluetooth Keyboard,2025-10-14,2028-10-13,재확인,2026-02-28
경기도 성남시,(주)산하이앤씨,하**,혁신성장유형,건설운수,토공사업,"지반조사,설계,시공",2025-11-16,2028-11-15,재확인,2026-02-28
경기도 성남시,(주) 딥인사이트,오**,벤처투자유형,정보처리S/W,컴퓨터 프로그래밍 서비스업,3D센싱 AI카메라 및 모듈,2025-11-16,2028-11-15,재확인,2026-02-28
경기도 성남시,주식회사 아이센랩,최**,연구개발유형,제조업,그 외 기타 의료용 기기 제조업,호기가스 분석기,2025-11-16,2028-11-15,재확인,2026-02-28
경기도 성남시,주식회사 유엑스팩토리,박**,연구개발유형,연구개발서비스,전기ㆍ전자공학 연구개발업,AI ChipSolution,2025-10-25,2028-10-24,재확인,2026-02-28
경기도 성남시,파이메드바이오 주식회사,노**,벤처투자유형,연구개발서비스,의학 및 약학 연구개발업,신약 개발,2025-11-26,2028-11-25,재확인,2026-02-28
경기도 성남시,(주)아그네스메디컬,안**,혁신성장유형,제조업,그 외 기타 의료용 기기 제조업,피부미용 의료기기,2025-11-20,2028-11-19,재확인,2026-02-28
경기도 성남시,(주)윈텍,이**,연구개발유형,기타,"그 외 기타 분류 안된 전문, 과학 및 기술 서비스업",연구 개발/소프트웨어 개발/무선통신장비 제조,2025-10-27,2028-10-26,재확인,2026-02-28
경기도 성남시,주식회사 벤투스솔루션,성**,혁신성장유형,제조업,부직포 및 펠트 제조업,"산업용 와이퍼, 보건용마스크 등",2025-11-16,2028-11-15,재확인,2026-02-28
경기도 성남시,주식회사 휴먼에이스,고**,벤처투자유형,연구개발서비스,자연과학 및 공학 융합 연구개발업,"생체모사칩,줄기세포유래 심근세포",2025-10-26,2028-10-25,재확인,2026-02-28
경기도 성남시,뉴로비비 주식회사,이**,혁신성장유형,연구개발서비스,의학 및 약학 연구개발업,"경구용 알츠하이머 치매 치료제, AI 신약 개발 플랫폼",2025-11-12,2028-11-11,신규,2026-02-28
경기도 성남시,주식회사 마이크로스페이스,여**,벤처투자유형,기타,비주거용 부동산 관리업,플랫폼서비스,2025-11-30,2028-11-29,재확인,2026-02-28
경기도 성남시, 주식회사 셀리코,김**,혁신성장유형,제조업,그 외 기타 의료용 기기 제조업,"의료기기, 인공망막",2025-10-19,2028-10-18,재확인,2026-02-28
경기도 성남시,크레플 주식회사(CREFLE Inc.),서**,혁신성장유형,정보처리S/W,응용 소프트웨어 개발 및 공급업,"시각지능(Visual Intelligence) 응용 솔루션, AI 비전검사, 자율이송로봇",2026-02-03,2029-02-02,재확인,2026-02-28
경기도 성남시,주식회사 리딩게이트,김**,연구개발유형,정보처리S/W,데이터베이스 및 온라인정보 제공업,교육용 온라인 영어 학습 프로그램,2025-10-23,2028-10-22,재확인,2026-02-28
경기도 성남시,주식회사 클래씨메이트,왕**,벤처투자유형,기타,"패션, 섬유류 및 기타 전문 디자인업",아동복,2025-10-29,2028-10-28,신규,2026-02-28
경기도 성남시,주식회사 소프트젠,김**,혁신성장유형,정보처리S/W,컴퓨터 프로그래밍 서비스업,소프트웨어 솔루션,2025-11-05,2028-11-04,재확인,2026-02-28
경기도 성남시,아이비이앤씨 주식회사,배**,혁신성장유형,제조업,콘크리트 관 및 기타 구조용 콘크리트 제품 제조업,SP파일 외,2025-11-16,2028-11-15,재확인,2026-02-28
경기도 성남시,주식회사에이딥스,김**,혁신성장유형,정보처리S/W,시스템 소프트웨어 개발 및 공급업,치과용 방사선 AI 진단 소프트웨어,2025-11-11,2028-11-10,신규,2026-02-28
경기도 성남시,주식회사 차백신연구소,H**,벤처투자유형,제조업,그 외 기타 분류 안된 화학제품 제조업,"백신류, 진단시약",2025-12-06,2028-12-05,재확인,2026-02-28
경기도 성남시,(주)딥엑스,김**,벤처투자유형,정보처리S/W,응용 소프트웨어 개발 및 공급업,"소프트웨어 개발,공급/전기용기계,장비,관련기자재,컴퓨터,주변장치,소프트웨어 도소매",2025-12-06,2028-12-05,재확인,2026-02-28
경기도 성남시,주식회사 바른테크,김**,혁신성장유형,제조업,철도차량 부품 및 관련 장치물 제조업,철도차량부품 및 전동차용시험기 프로그램제작,2025-11-30,2028-11-29,재확인,2026-02-28
경기도 성남시,주식회사 지오벤처스,강**,벤처투자유형,제조업,"치약, 비누 및 기타 세제 제조업","세제류,세정제류,구강용품,주방용품,생활용품,위생용품",2025-12-07,2028-12-06,재확인,2026-02-28
경기도 성남시,주식회사 큐어인,"조**,박**",혁신성장유형,연구개발서비스,의학 및 약학 연구개발업,의료기기개발,2025-11-16,2028-11-15,재확인,2026-02-28
경기도 성남시,쌤토스,김**,혁신성장유형,제조업,반도체 제조용 기계 제조업,플렉서블 디스플레이 및 관련제품 폴딩 신뢰성 검사장비,2025-12-14,2028-12-13,재확인,2026-02-28
경기도 성남시,주식회사 성흥티에스,배**,혁신성장유형,제조업,비디오 및 기타 영상기기 제조업,"영상기기 및 음향기기 제조업,음악 및 기타 오디오물 출판업,구조용 금속 판제품 및 공작물 제조업,컴퓨터 주변 기기 제조업,전시 및 안내전광판 제조업,전구 및",2025-11-23,2028-11-22,재확인,2026-02-28
경기도 성남시,(주)라미나,홍**,혁신성장유형,제조업,산업처리공정 제어장비 제조업,화학반응기(LCTR),2025-11-30,2028-11-29,재확인,2026-02-28
경기도 성남시,주식회사 컬쳐히어로,양**,벤처투자유형,정보처리S/W,컴퓨터 프로그래밍 서비스업,푸드 콘텐츠 커머스 플랫폼,2025-11-01,2028-10-31,재확인,2026-02-28
경기도 성남시,주식회사 주원테크놀러지,이**,연구개발유형,제조업,산업용 로봇 제조업,"로봇,로봇부품,자동화장비,자동차부품 제조/로봇,로봇부품 도소매/소프트웨어,연구개발",2025-12-08,2028-12-07,재확인,2026-02-28
경기도 성남시,(주)트리톤넷,강**,연구개발유형,제조업,기타 무선 통신장비 제조업,가스감지기외 스마트안전장비 ,2025-11-19,2028-11-18,재확인,2026-02-28
경기도 성남시,(주)휴룩스,이**,벤처투자유형,연구개발서비스,자연과학 및 공학 융합 연구개발업,"HVPC(High Voltage Pulsed Current, 고전압 단파 전류)를 이용한 유효물질의 전달 및 세포재생 시스템",2025-11-17,2028-11-16,재확인,2026-02-28
경기도 성남시,㈜스튜디오게일,신**,혁신성장유형,기타,애니메이션 영화 및 비디오물 제작업,애니메이션제작,2025-11-18,2028-11-17,재확인,2026-02-28
경기도 성남시,(주)디스펙터,음**,벤처투자유형,정보처리S/W,응용 소프트웨어 개발 및 공급업,AI솔루션 및 소프트웨어 제조 및 개발,2025-12-21,2028-12-20,재확인,2026-02-28
경기도 성남시,주식회사 씨피랩스,어**,벤처투자유형,정보처리S/W,응용 소프트웨어 개발 및 공급업,블록체인 기반 소프트웨어 개발 외,2025-12-20,2028-12-19,재확인,2026-02-28
경기도 성남시,주식회사 베스트메디,남**,벤처투자유형,도소매업,의약품 도매업,"스카퓨어플러스겔, 아르지니아프리미엄골드",2025-11-12,2028-11-11,신규,2026-02-28
경기도 성남시,주식회사 생활연구소,연**,벤처투자유형,기타,고용 알선업,가사도우미 O2O 플랫폼,2025-12-20,2028-12-19,재확인,2026-02-28
경기도 성남시,㈜ 에이치디아이,김**,혁신성장유형,제조업,치과용 기기 제조업,레진 비닐 커버 등,2025-12-04,2028-12-03,재확인,2026-02-28
경기도 성남시,주식회사 실리콘기어,신**,혁신성장유형,도소매업,통신.방송장비 및 부품 도매업,전자부품 외,2025-12-09,2028-12-08,재확인,2026-02-28
경기도 성남시,(주)셀진,손**,혁신성장유형,연구개발서비스,의학 및 약학 연구개발업,의료기기 개발,2025-12-19,2028-12-18,재확인,2026-02-28
경기도 성남시,주식회사 피치랩,김**,혁신성장유형,제조업,산업용 로봇 제조업,로봇,2025-12-09,2028-12-08,재확인,2026-02-28
경기도 성남시,주식회사 비밀리,김**,연구개발유형,정보처리S/W,응용 소프트웨어 개발 및 공급업,모바일 메신저 프로그램,2025-10-23,2028-10-22,재확인,2026-02-28
경기도 성남시,주식회사 바이오녹스,이**,벤처투자유형,연구개발서비스,의학 및 약학 연구개발업,의약품,2025-12-21,2028-12-20,재확인,2026-02-28
경기도 성남시,주식회사 카이스토리,박**,벤처투자유형,정보처리S/W,일반 서적 출판업,"학습만화, 교육콘텐츠, 온라인교육",2025-12-21,2028-12-20,재확인,2026-02-28
경기도 성남시,에스퓨얼셀(주),홍**,혁신성장유형,제조업,전동기 및 발전기 제조업,연료전지 시스템,2025-11-11,2028-11-10,재확인,2026-02-28
경기도 성남시,우리기술개발 주식회사,김**,연구개발유형,건설운수,"보링, 그라우팅 및 관정 공사업",앵커긴장력 육안확인장치,2025-12-07,2028-12-06,재확인,2026-02-28
경기도 성남시,주식회사 씨와이디정보기술,육**,혁신성장유형,정보처리S/W,컴퓨터시스템 통합 자문 및 구축 서비스업,소프트웨어프로그램,2025-12-22,2028-12-21,재확인,2026-02-28
경기도 성남시,디에이피종합건설 주식회사,"박**,홍**",벤처투자유형,건설운수,단독 주택 건설업,건설,2025-11-23,2028-11-22,재확인,2026-02-28
경기도 성남시,(주)티아이에스씨,김**,연구개발유형,제조업,기타 무선 통신장비 제조업,"통신장비설계,제조",2025-11-18,2028-11-17,재확인,2026-02-28
경기도 성남시,주시회사 내담씨앤씨,한**,혁신성장유형,정보처리S/W,응용 소프트웨어 개발 및 공급업,SCM PLM SI 컨설팅 및 용역 등,2025-12-17,2028-12-16,재확인,2026-02-28
경기도 성남시,(주)아이엠지티,"이**,손**",연구개발유형,연구개발서비스,의학 및 약학 연구개발업,초음파감응 약물전달용 미세입자,2025-11-11,2028-11-10,재확인,2026-02-28
경기도 성남시,에이치앤이 주식회사,이**,혁신성장유형,제조업,반도체 제조용 기계 제조업,반도체 장비용 히터,2025-12-28,2028-12-27,재확인,2026-02-28
경기도 성남시,주식회사 홀리스틱바이오,이**,연구개발유형,제조업,건강기능식품 제조업,홀리스틱G120,2025-11-10,2028-11-09,재확인,2026-02-28
경기도 성남시,팬세이션 주식회사,남**,연구개발유형,정보처리S/W,포털 및 기타 인터넷 정보매개 서비스업,"자료처리, 호스팅, 포털 및 기타 인터넷 정보 매개 서비스업,응용 소프트웨어 개발 및 공급업,시스템 소프트웨어 개발 및 공급업,컴퓨터 프로그래밍, 시스템 통",2026-02-04,2029-02-03,재확인,2026-02-28
경기도 성남시,주식회사 언노트,박**,벤처투자유형,정보처리S/W,데이터베이스 및 온라인정보 제공업,데이터베이스 및 온라인 정보 제공,2025-10-19,2028-10-18,재확인,2026-02-28
경기도 성남시,주시회사 로제에이아이코리아,조**,혁신성장유형,연구개발서비스,전기ㆍ전자공학 연구개발업,무선화재알림시설,2025-12-12,2028-12-11,재확인,2026-02-28
경기도 성남시,주식회사 유니유니,한**,벤처투자유형,정보처리S/W,컴퓨터시스템 통합 자문 및 구축 서비스업,안심스마트화장실서비스 Savvy,2025-11-30,2028-11-29,재확인,2026-02-28
경기도 성남시,주식회사 할머니의 부뚜막,윤**,벤처투자유형,기타,그 외 기타 분류 안된 사업지원 서비스업,프랜차이즈 본사,2025-11-26,2028-11-25,신규,2026-02-28
경기도 성남시,주식회사 구름,"류**,이**",혁신성장유형,정보처리S/W,응용 소프트웨어 개발 및 공급업,"소프트웨어 개발,공급/출판,소프트웨어 교육,컨설팅/기술,직업훈련 학원,종합 교육/부동산 임대",2025-12-31,2028-12-30,재확인,2026-02-28
경기도 성남시,주식회사 게임덱스,배**,혁신성장유형,정보처리S/W,모바일 게임 소프트웨어 개발 및 공급업,"스마트폰용 게임소프트웨어,소프트웨어 개발,공급/게임 서비스(CS)/광고 대행,시각 디자인",2025-12-31,2028-12-30,재확인,2026-02-28
경기도 성남시,주식회사 스마트크린,강**,혁신성장유형,기타,건축물 일반 청소업,"사업지원 서비스   AI청소업,       정보통신업      컴퓨터시스템통합구축 자문등",2026-02-05,2029-02-04,신규,2026-02-28
경기도 성남시,주식회사 브이원텍,"김**,김**",혁신성장유형,제조업,디스플레이 제조용 기계 제조업,"디스플레이 압흔검사기, 2차전지 검사장비, 미세먼지 측정기",2025-12-03,2028-12-02,재확인,2026-02-28
경기도 성남시,주식회사 아일비스,정**,벤처투자유형,정보처리S/W,응용 소프트웨어 개발 및 공급업,응용 소프트웨어 개발,2025-11-19,2028-11-18,신규,2026-02-28
경기도 성남시,주식회사 미솜,이**,혁신성장유형,제조업,편조의복 제조업,홀가먼트니트,2025-11-27,2028-11-26,재확인,2026-02-28
경기도 성남시,주식회사 샐리쿡,정**,벤처투자유형,제조업,기타 식사용 가공처리 조리식품 제조업,"특수의료식단, 건강간편식, 영양진단프로그램",2026-01-03,2029-01-02,재확인,2026-02-28
경기도 성남시,벤텍스(주),고**,벤처투자유형,제조업,"직물, 편조원단 및 의복류 염색 가공업","화섬직물,단미사료,사료,봉제품임가공,바이오화학소재 제조/의류 소매,무역",2025-12-03,2028-12-02,재확인,2026-02-28
경기도 성남시,㈜ 지니테크,배**,혁신성장유형,정보처리S/W,응용 소프트웨어 개발 및 공급업,VQMS CRM 녹취솔루션 불법호 검출 솔루션 호처리장비 여론조사 솔루션 트래픽 종합관제 솔루션,2025-12-10,2028-12-09,재확인,2026-02-28
경기도 성남시,(주)카인사이언스,조**,벤처투자유형,연구개발서비스,의학 및 약학 연구개발업,신약,2025-12-06,2028-12-05,재확인,2026-02-28
경기도 성남시,(주)에머릭스,L**,혁신성장유형,제조업,"물질 검사, 측정 및 분석기구 제조업",기판 검사 장치 ,2025-12-18,2028-12-17,재확인,2026-02-28
경기도 성남시,(주)소만사,김**,연구개발유형,정보처리S/W,시스템 소프트웨어 개발 및 공급업,개인정보보호SW솔루션,2025-11-26,2028-11-25,재확인,2026-02-28
경기도 성남시,캥스터즈 주식회사,김**,벤처투자유형,제조업,"체조, 육상 및 체력단련용 장비 제조업","휠체어사용자를 위한 홈트레이닝 솔루션 휠리엑스, 휴대용 휠체어 바퀴세척장치 휠스터미니 등 ",2026-01-04,2029-01-03,재확인,2026-02-28
경기도 성남시,주식회사 브레키랩,이**,벤처투자유형,정보처리S/W,응용 소프트웨어 개발 및 공급업,소프트웨어 개발 라이브러리,2025-12-09,2028-12-08,신규,2026-02-28
경기도 성남시,주식회사 포이애브뉴(Poi Avenue Inc.),김**,벤처투자유형,기타,비주거용 건물 개발 및 공급업,부동산 상품,2025-12-03,2028-12-02,신규,2026-02-28
경기도 성남시,주식회사 유웨이어플라이,성**,혁신성장유형,정보처리S/W,기타 정보기술 및 컴퓨터운영 관련 서비스업,인터넷 원서접수  광고대행,2025-12-30,2028-12-29,재확인,2026-02-28
경기도 성남시,해주건설주식회사,장**,혁신성장유형,건설운수,도장 공사업,"도장공사,금속구조창호공사/도료,유리알,안전용품 도소매/기계,장비 임대",2025-12-31,2028-12-30,신규,2026-02-28
경기도 성남시,주식회사 캘러스컴퍼니,"김**,유**",벤처투자유형,정보처리S/W,응용 소프트웨어 개발 및 공급업,캘러스,2025-12-07,2028-12-06,재확인,2026-02-28
경기도 성남시,주식회사 하이딥,고**,벤처투자유형,제조업,비메모리용 및 기타 전자집적회로 제조업,반도체IC 설계,2025-11-16,2028-11-15,재확인,2026-02-28
경기도 성남시,주식회사 레저디,고**,벤처투자유형,정보처리S/W,응용 소프트웨어 개발 및 공급업,플랫폼,2025-12-03,2028-12-02,신규,2026-02-28
경기도 성남시,주식회사 메타파인즈,배**,벤처투자유형,연구개발서비스,의학 및 약학 연구개발업,의학 연구개발,2026-01-10,2029-01-09,재확인,2026-02-28
경기도 성남시,"주식회사 아이언메이스 (IRONMACE Co., Ltd.)",최**,벤처투자유형,정보처리S/W,기타 게임 소프트웨어 개발 및 공급업,DARK AND DARKER,2026-01-11,2029-01-10,재확인,2026-02-28
경기도 성남시,주식회사 한국아이티개발,이**,혁신성장유형,정보처리S/W,컴퓨터 프로그래밍 서비스업,"IT 서비스 개발, 콘텐츠 서비스 등",2025-12-17,2028-12-16,신규,2026-02-28
경기도 성남시,주식회사와이엠알티씨,김**,혁신성장유형,제조업,"물질 검사, 측정 및 분석기구 제조업",항온항습기열충격시험기 오븐,2025-12-03,2028-12-02,재확인,2026-02-28
경기도 성남시,주식회사 버디랩스,김**,혁신성장유형,정보처리S/W,응용 소프트웨어 개발 및 공급업,모바일 어플리케이션,2025-12-31,2028-12-30,신규,2026-02-28
경기도 성남시,주식회사 스마티,"박**,이**",연구개발유형,연구개발서비스,기타 공학 연구개발업,무인항공기 관제소프트웨어 및 시스템 드론,2025-12-28,2028-12-27,재확인,2026-02-28
경기도 성남시,오엔정보통신 주식회사,박**,혁신성장유형,제조업,컴퓨터 제조업,컴퓨터 제조업,2026-01-11,2029-01-10,재확인,2026-02-28
경기도 성남시,주식회사 올핀,최**,연구개발유형,정보처리S/W,데이터베이스 및 온라인정보 제공업,AI 데이터 설계 및 가공.구축,2025-12-13,2028-12-12,재확인,2026-02-28
경기도 성남시,주식회사 바이컴,안**,연구개발유형,제조업,기타 무선 통신장비 제조업,디지털 무선 인터컴외,2025-11-25,2028-11-24,재확인,2026-02-28
경기도 성남시,주식회사 알지,조**,혁신성장유형,정보처리S/W,응용 소프트웨어 개발 및 공급업,"애플리케이션 소프트웨어(Application software), Ai(인공지능), IoT(사물인터넷), 온라인 플랫폼(Online platform). 등",2025-12-17,2028-12-16,신규,2026-02-28
경기도 성남시,주식회사 주피터스튜디오,박**,벤처투자유형,정보처리S/W,컴퓨터 프로그래밍 서비스업,소프트웨어 개발,2025-12-10,2028-12-09,재확인,2026-02-28
경기도 성남시,주식회사 세이프소프트,"이**,최**",혁신성장유형,정보처리S/W,응용 소프트웨어 개발 및 공급업,소프트웨어 프로그램,2025-11-16,2028-11-15,재확인,2026-02-28
경기도 성남시,씨알지테크놀러지 주식회사,박**,연구개발유형,제조업,기타 주변기기 제조업,자동화제어기기,2025-12-09,2028-12-08,재확인,2026-02-28
경기도 성남시,주식회사 오픈랩스,하**,혁신성장유형,정보처리S/W,시스템 소프트웨어 개발 및 공급업,오픈소스기반 솔루션SW),2025-12-21,2028-12-20,재확인,2026-02-28
경기도 성남시,주식회사 웨이브,김**,연구개발유형,정보처리S/W,기타 정보기술 및 컴퓨터운영 관련 서비스업,web/mobile 어플리케이션 솔루션,2025-12-17,2028-12-16,재확인,2026-02-28
경기도 성남시,주식회사 투에스티,양**,혁신성장유형,제조업,전자감지장치 제조업,보안 센서,2025-12-24,2028-12-23,신규,2026-02-28
경기도 성남시,앤에스폼 주식회사,이**,혁신성장유형,제조업,육상 금속 골조 구조재 제조업,"건축자재(갱폼 및 알폼) 제조, 건축 설계 외",2025-12-30,2028-12-29,신규,2026-02-28
경기도 성남시,(주)셀타스퀘어,신**,벤처투자유형,연구개발서비스,의학 및 약학 연구개발업,AI/Digital transformation 기반 의약품 전주기 안전성 관리 플랫폼 서비스,2025-12-28,2028-12-27,재확인,2026-02-28
경기도 성남시,(주)한국첨단시험연구원,안**,연구개발유형,제조업,그 외 기타 달리 분류되지 않은 제품 제조업,"과학실험용품 제조/서적,잡지,신문 도소매,통신 판매/학술용역연구",2025-11-24,2028-11-23,재확인,2026-02-28
경기도 성남시,(주) 씨에스,최**,혁신성장유형,제조업,기타 무선 통신장비 제조업,이동용무선중계기,2026-01-19,2029-01-18,재확인,2026-02-28
경기도 성남시,주식회사 바이트플랜,최**,혁신성장유형,제조업,간판 및 광고물 제조업,간판 실내장식,2025-12-05,2028-12-04,재확인,2026-02-28
경기도 성남시,주식회사 셀바이셀,이**,혁신성장유형,제조업,화장품 제조업,화장품,2025-12-24,2028-12-23,재확인,2026-02-28
경기도 성남시,주식회사 샘물정보통신,백**,연구개발유형,제조업,유선 통신장비 제조업,유무선통신장비 인터폰),2025-12-28,2028-12-27,재확인,2026-02-28
경기도 성남시,(주)비바젠,박**,혁신성장유형,제조업,기체 여과기 제조업,순수초순수장비 및 의약품 시험분석 서비스,2025-11-23,2028-11-22,재확인,2026-02-28
경기도 성남시,주식회사 연지코스메틱,김**,혁신성장유형,제조업,화장품 제조업,화장품,2025-12-23,2028-12-22,신규,2026-02-28
경기도 성남시,수파자 주식회사,이**,벤처투자유형,기타,기타 교육지원 서비스업,"온라인교육, 화상과외",2025-12-06,2028-12-05,재확인,2026-02-28
경기도 성남시,주식회사 마크앤사이먼,조**,벤처투자유형,정보처리S/W,응용 소프트웨어 개발 및 공급업,모바일 앱,2025-12-21,2028-12-20,재확인,2026-02-28
경기도 성남시,액스브라이트 주식회사,김**,벤처투자유형,정보처리S/W,응용 소프트웨어 개발 및 공급업,AI 기반 업무 혁신 소프트웨어,2025-12-10,2028-12-09,신규,2026-02-28
경기도 성남시,유니온필텍 주식회사,김**,혁신성장유형,제조업,기체 여과기 제조업,"필터 및 필터 원재료, 장비",2025-12-07,2028-12-06,재확인,2026-02-28
경기도 성남시,예비창업자 이시헌,이**,예비벤처유형,정보처리S/W,응용 소프트웨어 개발 및 공급업,,2026-01-07,2029-01-06,신규,2026-02-28
경기도 성남시,컨텍이앤씨 주식회사,김**,혁신성장유형,기타,건물 및 토목 엔지니어링 서비스업,PSC구조물컨설팅 프리캐스트터널,2026-01-25,2029-01-24,재확인,2026-02-28
경기도 성남시,주식회사 데이타소프트,전**,혁신성장유형,정보처리S/W,컴퓨터시스템 통합 자문 및 구축 서비스업,데이타백업SW보안SW서버이중화Cloud빅데이타,2025-12-11,2028-12-10,재확인,2026-02-28
경기도 성남시,케이겐징겐,이**,혁신성장유형,제조업,그 외 기타 달리 분류되지 않은 제품 제조업,척추보조기,2026-01-25,2029-01-24,재확인,2026-02-28
경기도 성남시,주식회사 직스에이아이 (ZiggsAI),G**,벤처투자유형,정보처리S/W,응용 소프트웨어 개발 및 공급업,멀티에인전트 자율협업 플랫폼,2026-01-06,2029-01-05,신규,2026-02-28
경기도 성남시,주식회사 발트루스트,최**,벤처투자유형,정보처리S/W,응용 소프트웨어 개발 및 공급업,모바일오더 등,2026-01-10,2029-01-09,재확인,2026-02-28
경기도 성남시,주식회사 에이투케이인터랙티브,조**,벤처투자유형,정보처리S/W,응용 소프트웨어 개발 및 공급업,"AMS, CRM 관리 시스템",2025-12-30,2028-12-29,신규,2026-02-28
경기도 성남시,모두로 주식회사,이**,벤처투자유형,기타,"그 외 기타 분류 안된 전문, 과학 및 기술 서비스업","그래픽 디자인, 주식투자",2025-12-16,2028-12-15,신규,2026-02-28
경기도 성남시,(주)나노스정보,이**,연구개발유형,정보처리S/W,컴퓨터시스템 통합 자문 및 구축 서비스업,플랫폼 구축 및 서비스,2025-12-21,2028-12-20,재확인,2026-02-28
경기도 성남시,㈜니오테스바이오,K**,벤처투자유형,제조업,그 외 기타 분류 안된 화학제품 제조업,신약 개발,2026-01-28,2029-01-27,재확인,2026-02-28
경기도 성남시,주식회사 오픈스카이에듀,윤**,벤처투자유형,도소매업,기타 통신 판매업,플랫폼 서비스,2026-02-04,2029-02-03,재확인,2026-02-28
경기도 성남시,주식회사 셀레메디,김**,벤처투자유형,연구개발서비스,의학 및 약학 연구개발업,면역항암제,2026-01-28,2029-01-27,재확인,2026-02-28
경기도 성남시,(주)이도에프에스,박**,벤처투자유형,제조업,단미 사료 및 기타 사료 제조업,펫간식류,2026-01-04,2029-01-03,재확인,2026-02-28
경기도 성남시,주식회사 루시드랩,윤**,벤처투자유형,정보처리S/W,응용 소프트웨어 개발 및 공급업,응용 소프트웨어 개발 및 공급업,2026-01-04,2029-01-03,재확인,2026-02-28
경기도 성남시,인포스탁 주식회사,신**,연구개발유형,정보처리S/W,시스템 소프트웨어 개발 및 공급업,증권정보 시스템,2025-12-09,2028-12-08,재확인,2026-02-28
경기도 성남시,주식회사 위베어소프트,장**,혁신성장유형,정보처리S/W,시스템 소프트웨어 개발 및 공급업,OSORI APIM,2026-01-04,2029-01-03,재확인,2026-02-28
경기도 성남시,주식회사 스포테크,장**,혁신성장유형,건설운수,조경 건설업,인조잔디 스포츠시설,2026-01-26,2029-01-25,재확인,2026-02-28
경기도 성남시,다인바이오(주),이**,연구개발유형,도소매업,기타 화학물질 및 화학제품 도매업,연구용 시약류 및 기기류 외,2026-01-15,2029-01-14,재확인,2026-02-28
경기도 성남시,주식회사 클레어옵틱,송**,혁신성장유형,제조업,광학렌즈 및 광학요소 제조업,3D 스캐너용 광학엔진,2026-01-06,2029-01-05,재확인,2026-02-28
경기도 성남시,인사이트 디자인 랩 주식회사,정**,벤처투자유형,제조업,여자용 겉옷 제조업,"여성의류 (액세서리) 제조, 도매, 소매, 의류경영컨설팅",2025-12-24,2028-12-23,신규,2026-02-28
경기도 성남시,주식회사 에스알바이오텍,이**,혁신성장유형,제조업,화장품 제조업,화장품,2026-01-29,2029-01-28,재확인,2026-02-28
경기도 성남시,주식회사 셀트릭스,김**,연구개발유형,제조업,그 외 기타 분류 안된 화학제품 제조업,연구용시약,2025-12-07,2028-12-06,재확인,2026-02-28
경기도 성남시,위드마스터스 주식회사,김**,혁신성장유형,연구개발서비스,전기ㆍ전자공학 연구개발업,"오폐수 정화 시스템, IT 제품 및 소프트웨어 개발 및 공급",2025-12-31,2028-12-30,신규,2026-02-28
경기도 성남시,주식회사 파란에너지,김**,벤처투자유형,기타,환경 관련 엔지니어링 서비스업,"에너지절감 컨설팅.,정보,빌딩에너지 관리,운영/응용소프트웨어 개발,공급",2026-01-10,2029-01-09,재확인,2026-02-28
경기도 성남시,주식회사 넥스트젠바이오사이언스,이**,벤처투자유형,연구개발서비스,의학 및 약학 연구개발업,신약개발(섬유증치료제),2026-01-10,2029-01-09,재확인,2026-02-28
경기도 성남시,(주)파트론이에스엘,김**,벤처투자유형,제조업,유선 통신장비 제조업,"유선통신장치,무선통신방송,응용장치 제조",2025-12-08,2028-12-07,재확인,2026-02-28
경기도 성남시,"주식회사 코나투스(Kornatus. Co.,Ltd.)",김**,벤처투자유형,정보처리S/W,응용 소프트웨어 개발 및 공급업,반반택시,2025-12-14,2028-12-13,재확인,2026-02-28
경기도 성남시,주식회사 나다,김**,혁신성장유형,제조업,"물질 검사, 측정 및 분석기구 제조업",진동감시시스템,2026-01-03,2029-01-02,재확인,2026-02-28
경기도 성남시,주식회사 다모아텍,정**,벤처투자유형,제조업,기타 반도체소자 제조업,"반도체칩,ICT 융복합제품/농업용기기 및 농축산ICT장비,사물인터넷(IoT)디바이스 및 어플리케이션,반도체,소프트웨어자문및공급/펌웨어개발/빅데이터분석처리/영",2026-01-14,2029-01-13,재확인,2026-02-28
경기도 성남시,주식회사 피에스일렉트로닉스,유**,연구개발유형,제조업,그 외 기타 전자부품 제조업,고효율 전력증폭기,2025-11-28,2028-11-27,재확인,2026-02-28
경기도 성남시,슬로베이크,김**,혁신성장유형,제조업,과자류 및 코코아 제품 제조업,빵류,2026-02-01,2029-01-31,재확인,2026-02-28
경기도 성남시,주식회사 비엔씨알 (BNCR),최**,벤처투자유형,제조업,커피 가공업,커피 원두 및 더치커피원액 등,2025-12-21,2028-12-20,재확인,2026-02-28
경기도 성남시,주식회사 이온메디칼,이**,벤처투자유형,제조업,그 외 기타 의료용 기기 제조업,"동물용,병원용 플리즈마 치료기 제조/무역/플리즈마 치료기 연구,개발",2026-01-14,2029-01-13,재확인,2026-02-28
경기도 성남시,주식회사 올어바웃어버트먼트,김**,혁신성장유형,제조업,치과용 기기 제조업,치과임플란트용 상부구조물,2026-02-15,2029-02-14,재확인,2026-02-28
경기도 성남시,주식회사 딥벨로,홍**,벤처투자유형,제조업,농업 및 임업용 기계 제조업,친환경 농업 증산 용 수 처리장치,2025-12-31,2028-12-30,신규,2026-02-28
경기도 성남시,(주)이노튜브,정**,연구개발유형,제조업,유선 통신장비 제조업,산업용 IoT 기기,2026-01-27,2029-01-26,재확인,2026-02-28
경기도 성남시,엘티바이오 주식회사,김**,벤처투자유형,제조업,기타 가정용 전기기기 제조업,디지털 치료기,2026-02-17,2029-02-16,재확인,2026-02-28
경기도 성남시,주식회사 엘든코리아,정**,벤처투자유형,제조업,화장품 제조업,탈모샴푸,2025-12-22,2028-12-21,재확인,2026-02-28
경기도 성남시,㈜대성그린테크,이**,연구개발유형,건설운수,"교량, 터널 및 철도 건설업",환경기기 수처리기기 설계,2026-01-19,2029-01-18,재확인,2026-02-28
경기도 성남시,주식회사 두리컴퍼니,허**,벤처투자유형,제조업,곡물 제분업,"가공식품,식품소분 및 판매업,전자상거래",2025-12-31,2028-12-30,신규,2026-02-28
경기도 성남시,크립(KRYP),김**,혁신성장유형,정보처리S/W,응용 소프트웨어 개발 및 공급업,블록체인 분석 솔루션,2026-01-14,2029-01-13,신규,2026-02-28
경기도 성남시,주식회사 클리너스트,이**,혁신성장유형,제조업,화장품 제조업,화장품,2026-01-14,2029-01-13,신규,2026-02-28
경기도 성남시,주식회사 아이좋아,민**,연구개발유형,정보처리S/W,응용 소프트웨어 개발 및 공급업,"응용소프트웨어 개발,공급",2026-02-08,2029-02-07,재확인,2026-02-28
경기도 성남시,(주)모쿰,이**,혁신성장유형,정보처리S/W,응용 소프트웨어 개발 및 공급업,소프트웨어 개발 및 공급업,2026-02-08,2029-02-07,재확인,2026-02-28
경기도 성남시,주식회사 알트나인,김**,연구개발유형,정보처리S/W,모바일 게임 소프트웨어 개발 및 공급업,모바일게임소프트웨어,2026-02-01,2029-01-31,재확인,2026-02-28
경기도 성남시,주식회사 긱스로프트 (Geeks Loft Inc.),L**,혁신성장유형,제조업,비디오 및 기타 영상기기 제조업,메타버스 헤드셋 및 관련 서비스플랫폼,2025-11-23,2028-11-22,재확인,2026-02-28
경기도 성남시,주식회사 고알레,이**,벤처투자유형,기타,그 외 기타 스포츠 서비스업,"영상콘텐트, 트레이닝 서비스, 의류",2026-01-14,2029-01-13,재확인,2026-02-28
경기도 성남시,이터녹스,정**,벤처투자유형,제조업,그 외 기타 의료용 기기 제조업,혈액정화의료기기,2026-01-13,2029-01-12,신규,2026-02-28
경기도 성남시,주식회사 비컨,박**,벤처투자유형,제조업,"물질 검사, 측정 및 분석기구 제조업",인공지능 AI 스캐너 ,2026-02-25,2029-02-24,재확인,2026-02-28
경기도 성남시,주식회사 씨엔아이티,강**,연구개발유형,제조업,그 외 기타 전자부품 제조업,반도체 검사 부품,2025-12-29,2028-12-28,재확인,2026-02-28
경기도 성남시,주식회사 구하다,윤**,혁신성장유형,정보처리S/W,시스템 소프트웨어 개발 및 공급업,"소프트웨어 개발,공급,빅데이터서비스",2026-02-25,2029-02-24,재확인,2026-02-28
경기도 성남시,㈜아리바이오,정**,벤처투자유형,연구개발서비스,의학 및 약학 연구개발업,"신약개발, 기능성화장품",2026-02-15,2029-02-14,재확인,2026-02-28
경기도 성남시,(주)알엑스바이오,송**,벤처투자유형,연구개발서비스,의학 및 약학 연구개발업,"의학,약학 연구개발/애완용동물 관련용품 도소매",2026-01-21,2029-01-20,신규,2026-02-28
경기도 성남시,와이즈 PCB,이**,혁신성장유형,도소매업,전자상거래 소매 중개업,인쇄회로기판,2026-02-10,2029-02-09,신규,2026-02-28
경기도 성남시,주식회사 조은비앤에프,김**,혁신성장유형,제조업,건강기능식품 제조업,"건강기능식품, 일반식품",2026-02-01,2029-01-31,재확인,2026-02-28
경기도 성남시,주식회사 루미아이온,유**,벤처투자유형,제조업,전자부품 실장기판 제조업,의료용 IoT 센서모듈,2026-01-28,2029-01-27,신규,2026-02-28
경기도 성남시,주식회사 비타카페,전**,벤처투자유형,기타,기타 비알코올 음료점업,비타민 음료,2026-02-01,2029-01-31,재확인,2026-02-28
경기도 성남시,(주)미러로이드,정**,벤처투자유형,제조업,컴퓨터 제조업,스마트미러,2026-01-27,2029-01-26,재확인,2026-02-28
경기도 성남시,주식회사 사니케어,김**,혁신성장유형,제조업,그 외 기타 의료용 기기 제조업,"그 외 기타 의료용 기기 제조업,가전제품 소매업",2026-02-11,2029-02-10,신규,2026-02-28
경기도 성남시,주식회사 악스모비아 (Axmovia),인**,혁신성장유형,연구개발서비스,전기ㆍ전자공학 연구개발업,"반도체 설계, 포토마스크, 반도체 소재, 정밀 가공웨이퍼, 반도체 기술 서비스, AI플랫폼등",2026-02-24,2029-02-23,신규,2026-02-28
경기도 성남시,주식회사 엑스에이아이코리아,김**,혁신성장유형,정보처리S/W,컴퓨터 프로그래밍 서비스업,회계·세무 업무 자동화를 위한 AI 기반 소프트웨어,2026-02-04,2029-02-03,신규,2026-02-28
경기도 성남시,주식회사 로우모랩,이**,혁신성장유형,제조업,그 외 기타 가구 제조업,2단 발받침대 ,2026-01-28,2029-01-27,신규,2026-02-28
경기도 성남시,주식회사 사피엔반도체,L**,혁신성장유형,제조업,비메모리용 및 기타 전자집적회로 제조업,uLED Display용 Backplane ASIC,2026-02-07,2029-02-06,재확인,2026-02-28
경기도 성남시,주식회사 튜링바이오,S**,벤처투자유형,정보처리S/W,응용 소프트웨어 개발 및 공급업,우울증 디지털치료기기,2026-02-10,2029-02-09,재확인,2026-02-28
경기도 성남시,주식회사 리디자인엑스,"김**,조**",연구개발유형,기타,"그 외 기타 분류 안된 전문, 과학 및 기술 서비스업",온실가스 미래 감축잠재량 평가,2026-01-25,2029-01-24,재확인,2026-02-28
경기도 성남시,주식회사 리카,이**,혁신성장유형,제조업,그 외 기타 전자부품 제조업,반려동물용 웨어러블 치료관리 기기 제조 및 판매,2026-02-11,2029-02-10,신규,2026-02-28
경기도 성남시,지엑스씨(주),우**,벤처투자유형,정보처리S/W,기타 게임 소프트웨어 개발 및 공급업,"게임 소프트웨어 자문,개발,공급",2026-01-28,2029-01-27,재확인,2026-02-28
경기도 성남시,(주)쓰리씨랩,김**,혁신성장유형,제조업,그 외 기타 달리 분류되지 않은 제품 제조업,위생용품화장품,2026-02-18,2029-02-17,재확인,2026-02-28
경기도 성남시,주식회사 스튜디오비비비,임**,벤처투자유형,정보처리S/W,기타 게임 소프트웨어 개발 및 공급업,게임 소프트웨어,2026-02-04,2029-02-03,신규,2026-02-28
경기도 성남시,(주)에스디코리아,김**,벤처투자유형,제조업,화장품 제조업,화장품,2026-02-04,2029-02-03,신규,2026-02-28
경기도 성남시,주식회사 우일플루콘,강**,혁신성장유형,제조업,"기타 측정, 시험, 항해, 제어 및 정밀기기 제조업","유량계, 초음파유량계, 밸브, 압력센서 등",2026-02-04,2029-02-03,신규,2026-02-28
경기도 성남시,주식회사 다올데이터,최**,벤처투자유형,정보처리S/W,그 외 기타 정보 서비스업,시스템소프트웨어개발,2026-02-04,2029-02-03,신규,2026-02-28
경기도 성남시,(주)릴리어스,김**,벤처투자유형,정보처리S/W,응용 소프트웨어 개발 및 공급업,스포츠 피트니스 코칭 시스템,2026-02-01,2029-01-31,재확인,2026-02-28
경기도 성남시,주식회사 엑스테이지원,고**,혁신성장유형,정보처리S/W,응용 소프트웨어 개발 및 공급업,Edge AI 기반 음성인식 소프트웨어 및 관제 플랫폼,2026-02-11,2029-02-10,신규,2026-02-28
경기도 성남시,주식회사 나노미라클,이**,벤처투자유형,연구개발서비스,자연과학 및 공학 융합 연구개발업,기업용 AI 솔루션,2026-02-04,2029-02-03,신규,2026-02-28
경기도 성남시,주식회사 너바나나,김**,벤처투자유형,정보처리S/W,기타 게임 소프트웨어 개발 및 공급업,게임 소프트웨어 개발 및 공급업,2026-02-22,2029-02-21,재확인,2026-02-28
경기도 성남시,주식회사 트라이펄게임즈,정**,벤처투자유형,정보처리S/W,유선 온라인 게임 소프트웨어 개발 및 공급업,온라인 게임 소프트웨어 개발 및 공급업,2026-02-22,2029-02-21,재확인,2026-02-28
경기도 성남시,주식회사 세수,박**,벤처투자유형,정보처리S/W,시스템 소프트웨어 개발 및 공급업,RE100 platform,2026-02-11,2029-02-10,재확인,2026-02-28
경기도 성남시,주식회사 라이토즈,김**,벤처투자유형,기타,비금속류 해체 및 선별업,폐플라스틱 재생원료,2026-02-25,2029-02-24,신규,2026-02-28
